品番,重複,商品ID,削除,商品名,価格,URL
1786,,2JGzTzMYeC3rG5K5JEThR7,,1786 JEAN MACLEAN ジャンマクレーン キャバクラ ドレス,1000,https://item.fril.jp/7444f394fb2ebd14f7dd88d01b565dae
1787,,2JGzUTUFUJ64WqNp9EWEUq,,1787 han queen キャバクラ ドレス 総レース スリット タイト,1500,https://item.fril.jp/39c2323999150b7e576f117bb55f39b9
1788,,2JGzUmmVRdcPxMJuYmUcQ7,,1788 Randy ランディ キャバクラ ドレス 総レース クロシェ ミディ,1500,https://item.fril.jp/f00077e7a48b1f4fddfab7cdcc218908
1789,,2JGzVBy2mTFrLGXWquje6h,,1789 JEAN MACLEAN ジャンマクレーン キャバクラ ドレス,3000,https://item.fril.jp/d2f356e1165c52c70fcab710eaa54ec8
1790,,2JGzVSFwvSW96ngRKUYY84,,1790 Tika ティカ キャバクラ ドレス ツイード パールボタン ミニ,2500,https://item.fril.jp/21f8522bd6a3455f0a5ae96a6b85fe75
1791,,2JGzWtTz2hH4xT7V77qFdE,,1791 JEAN MACLEAN ジャンマクレーン キャバクラ ドレス,2000,https://item.fril.jp/875eabf6bd22f50fedea7ddc95da843c
1792,,2JGzXKYGiMbDMWmry6CepN,,1792 キャバクラ ドレス リブ 伸縮性 鍵あみ タイト ミニ キャバドレス,2000,https://item.fril.jp/724a0ae49ae3279aedfe922918aa9604
1793,,2JGzXcCjBWXdrmKXteNLTM,,1793 IRMA イルマ キャバクラ ドレス ストーン シースルー タイト,2000,https://item.fril.jp/f565c19407ce357a4c2e106cbe7c674a
1795,,2JGzYyVacCbtfqNLYePtz4,,1795 キャバクラ ドレス ツイード 総柄 タイト 伸縮性 ミニ,1000,https://item.fril.jp/f7e7e4f68478d989e205ce2b7f853bb2
1796,,2JGzZHD6QkF7ZWrsoB9zbJ,,1796 DAYS PIECE キャバクラ ドレス レース ワンショルダー,1500,https://item.fril.jp/e0fddce9e063986f50f1f8a269c12525
1797,,2JGzZYh6RBrhzMAecLVEJ8,,1797 ERUKEI エルケイ キャバクラ ドレス ストラップリボン,7000,https://item.fril.jp/ab1d268ba38c9ad0e7c1300cb565ebd4
1798,,2JGzZr9JWL94urY74Cyn6v,,1798 AR Angel R エンジェルアール キャバクラ ドレス ストーン,7000,https://item.fril.jp/629a9c101594b246242a84f1d8c0b4a5
1799,,2JGza8LwZyxBhhEZXEMgtd,,1799 キャバクラ ドレス シフォン タイト ギャザー ミニ 伸縮性,1000,https://item.fril.jp/d2d15bf3fa3f9530cfe5ad26fb067688
1800,,2JGzaUFcrVTYJXdmYtfYhS,,1800 DAZZY デイジー キャバクラ ドレス 総レース スパンコール,3000,https://item.fril.jp/f0ee9f543747c2f294155fc3f3a25ca4
1801,,2JGzagpAv2THZWcvtDwLRk,,1801 キャバクラ ドレス パール フレア ミニ キャミ 伸縮性,1500,https://item.fril.jp/92c9306f8e2ed86e8b10d147ade2e352
1802,,2JGzcJsHzvTscpXdsC6rB4,,1802 キャバクラ ドレス ロングドレス キラキラ フラワー コサージュ,10000,https://item.fril.jp/5f72b7a9dcd76cf655caa9521c0476c1
1728,,2JGWMmNRWkjfyGVFo6y2wk,,1728 DAZZY デイジー キャバクラ ドレス レース 伸縮性 タイト,2500,https://item.fril.jp/7049f3755b580007a67c0386d9b18b10
1732,,2JGWNyk9LVrq4WqdwD6f69,,1732 タグ付き JEWELS by suger ジュエルズ バイ シュガー,5000,https://item.fril.jp/24172aa106d3542df3486275e9d9a327
1734,,2JGWPeJ9yvhpYZ7tHubFjD,,1734 JEWELS ジュエルズ キャバクラ ドレス シフォン レース,5000,https://item.fril.jp/1c42adccff66e2762ffdd24501f4c055
1735,,2JGWPviwFodrkf8XayB33L,,1735 Ryuyu リューユ キャバクラ ドレス 伸縮性 レース ビジュー,3500,https://item.fril.jp/f50add4fdcfa5c31c128be394962f265
1736,,2JGWQFRSbQw7hXaM3Gtuzg,,1736 Ryuyu リューユ キャバクラ ドレス 総レース タイト ミニ,4000,https://item.fril.jp/0a352f170d1f90da926129628ebfc19c
1737,,2JGWQZcwmV2XBA6LKXcuuo,,1737 キャバクラ ドレス 伸縮性 バイカラー 半袖 ワンピース ライン,1000,https://item.fril.jp/2deac42d18bee263035823400d0b02d4
1741,,2JGYxs9d2YKhUJqNBAYHjD,,1741 an アン Andy アンディ キャバクラ ドレス セットアップ,4000,https://item.fril.jp/10bbd60d8694a6c209b1a8306386d54e
1742,,2JGYyDaaAQgqPXq8xwk5Lb,,1742 JEWELS ジュエルズ キャバクラ ドレス ツイード ノースリーブ,3000,https://item.fril.jp/ee544da97f88028764acbf5113dde594
1746,,2JGdWcZGzZPKLFkaBCtXBy,,1746 rinfarre リンファーレ キャバクラ ドレス 伸縮性,7000,https://item.fril.jp/874c1107ae4958da187c3757866966ff
1747,,2JGdcKmLzhagZCeN98uMdq,,1747 GINZA COUTURE ERUKEI エルケイ キャバクラ,8000,https://item.fril.jp/c616f11c39223f7fe533ee82abde6968
1752,,2JGdeQvTr4MGVbj65Fo6vH,,1752 an アン Andy アンディ キャバクラ ドレス フラワー 襟付き,7000,https://item.fril.jp/1dc6cd25168e43bcaf0c269f10ddbca9
1753,,2JGdjUQMDtCYmHqJDrNnkr,,1753 Sobre ソブレ キャバクラ ドレス ツイード ラメ,6000,https://item.fril.jp/488f783bf5313345fdf95600e7fc5792
1754,,2JGdk4tX774kuTY37oqGur,,1754 an アン Andy アンディ キャバクラ ドレス ツイード,7000,https://item.fril.jp/58ed348902335e40797db61dc29713aa
1756,,,,1756 ERUKEI エルケイ キャバクラ ドレス ツイード ラメ,7000,https://item.fril.jp/b77c6f7f709dbe62aa38cc507aeeed5e
1758,,2JGdoBrbbZd8YMvWWsaGB5,,1758 キャバクラ ドレス 総レース フラワー お呼ばれ 二次会,1000,https://item.fril.jp/92f52942276a67f474817afd0db52bec
1762,,2JGdwUGMH5VyZ6FjCP8FSj,,1762 an アン Andy アンディ キャバクラ ドレス ツイード ラメ,7000,https://item.fril.jp/1c780aaa6de383986237275d7b033298
1765,,2JGdx796fC29FqmcgiaX7M,,1765 JEWELS ジュエルズ キャバクラ ドレス レース フラワー,3500,https://item.fril.jp/7c18d2ce23dace30d477c0beff0b083c
1761,,2JGe3bAA4g3HQu4NW25f3N,,1761 JEAN MACLEAN ジャンマクレーン キャバクラ ロングドレス,25000,https://item.fril.jp/001afb0c24c569f9121354d264f72308
1768,,2JGeKQzRGxVAFKymKqf4h9,,1768 JEWELS ジュエルズ キャバクラ ドレス レース ワンショルダー,3000,https://item.fril.jp/0a691a4b6b82b834750e9a9f940dedca
1770,,2JGeKmTP6VQmryTDVkqUsq,,1770 JEWELS ジュエルズ キャバクラ ドレス セットアップ ツイード,5000,https://item.fril.jp/a2ffe80a503cd8c3f5f335d197803484
1771,,2JGeLC7VSS9ffR3SKV9W4Q,,1771 DAZZY デイジー キャバクラ ドレス 総レース タイト キャミ,2500,https://item.fril.jp/c9d31a9774055f731ac3e2f452308602
1326,,2JGs94aFMpbKQWa2KHM8tj,,1326 GINZA COUTURE ERUKEI エルケイ キャバクラ,7000,https://item.fril.jp/e916305824ccc2e8210cfce8f41e0961
1327,,2JGs9NWLRd2EUf8xNBUe4q,,1327 GINZA COUTURE ERUKEI エルケイ キャバクラ,7000,https://item.fril.jp/b4bbf7d823b4586323eb36aa56618ad7
1328,,2JGs9krVZ6tQ5PbiKwLsBr,,1328 AR Angel R エンジェルアール キャバクラ ドレス ストーン,5000,https://item.fril.jp/8b898b3205caad0bba9a5a82ead85b3f
1330,,2JGsAUzNqGLUc8RzZM6NrT,,1330 RINASCIMENTO リナシメント キャバクラ ドレス フラワー,4000,https://item.fril.jp/8c86dc24819608e2f714656badd4b3bf
1331,,2JGsApiVms4tsMJew97fMX,,1331 rinfarre リンファーレ キャバクラ ドレス 伸縮性,5000,https://item.fril.jp/395ce249a80b2be88d186042184d3987
1332,,2JGsBCbEnbeU2zjaUGRwYR,,1332 GINZA COUTURE ERUKEI エルケイ キャバクラ,7000,https://item.fril.jp/e54dd6357e27aac803e2ae468efa6d23
1334,,2JGsBxkePmZ6s6LNyH2mw4,,1334 IRMA イルマ キャバクラ ドレス キャミ タイト ミニ ストーン,6000,https://item.fril.jp/63be5d9957545d73d7c797327aaf32c1
1335,,2JGsCTTDgm2nSdAXeFcc2h,,1335 ROBE de FLEURS Glossy ローブドフルール,4000,https://item.fril.jp/5e38ff894156059cd34187d990db5769
1337,,2JGsEp2rZng3xa4sAL9UAQ,,1337 ROBE de FLEURS Glossy ローブドフルール,8000,https://item.fril.jp/0c7336262701f94a65bb18ab3b71c1fa
1338,,2JGsF86wyBjj4AaXUqAGa9,,1338 AR Angel R エンジェルアール キャバクラ ドレス 伸縮性,6000,https://item.fril.jp/fa4ab3faece1cc05d14947f96ca6ff1a
1339,,2JGsFXtE425s8EhAtjAUm9,,1339 ROBE de FLEURS Glossy ローブドフルール,8000,https://item.fril.jp/d31452616d998cfb4b3befe40fd5b665
1773,,2JGug8BxH2or7k9xqMMZan,,1773 ROBE de FLEURS Glossy ローブドフルール,8000,https://item.fril.jp/eff1aa31b053951e95b0c77a4f168cb8
1775,,2JGugxB6CFeHsA9jGhmWAy,,1775 ROBE de FLEURS ローブドフルール キャバクラ ドレス,10000,https://item.fril.jp/8b363533d22cc6472c78997397324318
1776,,2JGuhJ5QkcD8M73XSouzdr,,1776 ROBE de FLEURS Glossy ローブドフルール,5000,https://item.fril.jp/59de3f193c161e7838b4b0ab6ecaada1
1779,,2JGuio8ERuexEUq7Em687z,,1779 ROBE de FLEURS ローブドフルール キャバクラ ドレス,20000,https://item.fril.jp/d556fda86c8471ad8cfcb32ec80fcdf5
1780,,2JGujRu7huTjJ6L3BGXxQw,,1780 DEA. by ROBE de FLEURS キャバクラ　ドレス,8000,https://item.fril.jp/f1efc0478c25e530e09cc4d130aed1ee
1784,,2JGujsR9zXGWkwScz6cJhu,,1784 Tika ティカ キャバクラ ドレス 大きいサイズ ロングドレス,4000,https://item.fril.jp/38e9a508e5e1b66a59527c09b054a42e
1783,,2JGukF6mPJ4pCCvtQKoAyD,,1783 Tika ティカ キャバクラ ドレス 伸縮性 大きいサイズ レース,2500,https://item.fril.jp/bb3a4f8482db64267b803a1607f353c9
1782,,2JGukfFw6XugMJAdoRBrw2,,1782 JEWELS ジュエルズ キャバクラ ドレス 総レース クロシェ,4000,https://item.fril.jp/40a7ac352e2861426c5cee4c117707da
1781,,2JGum8HkE9eCfqzadAGmns,,1781 キャバクラ ドレス ロングドレス 伸縮性 スリット ワンショルダー,4500,https://item.fril.jp/cd3c6d51b8a7430296b81a5eb1719ac8
1585,,2JFug8jZYDty8Wmh4zPeWa,,1585 タグ付き TENDERLY テンダリー キャバクラ ドレス 総レース,3000,https://item.fril.jp/7fea35f6939626be1600cee565da0aa7
1699,,2JGKa3ULEzF9zysRb6pU8J,,1699 JEWELS ジュエルズ キャバクラ ドレス チェック柄 マーメイド,5000,https://item.fril.jp/73da7fb24e9ee289fd5702118ba9c01b
1701,,2JGKasLYdJTr3jtP4AgCu8,,1701 キャバクラ ドレス ツイード ミディ タイト ビジューボタン,3000,https://item.fril.jp/b6d60c9c1b5b6d00728bc48e9fa6ea45
1496,,CeAZpbHtc5ccKtgxqzUr4f,,1496 JEWELS ジュエルズ ツイード レース シースルー ストーン,5000,https://item.fril.jp/bc65fd37d6134e5243b7b031d1523aa0
1569,,2JFuTABkzNuYEViEbioFN8,,1569 キャバクラ ドレス 総レース ミディ タイト 肩パッド 二次会,3000,https://item.fril.jp/e78a4212c2f8a1b3d109cf291b3dc40f
1571,,2JFuUKWKBXS38PkTYCjDK3,,1571 cherrykeke キャバクラ ドレス 総柄 ジャージ素材 伸縮性,1500,https://item.fril.jp/b8e34ab5243705eaa1baab3d5382eb6c
1572,,2JFuUyEwcTNCzTRvqn6QTy,,1572 キャバクラ ドレス ペイズリー柄 ラップドレス ロング ジャージ素材,3000,https://item.fril.jp/357e7921767e8ce0f892aaf18af36d6f
1573,,2JFuVZHepFWVWkhsPDkEzB,,1573 キャバクラ ドレス 総レース シースルー タイト ロング 二次会,1500,https://item.fril.jp/6f91877be91807158878364a4fa60f4e
1575,,2JFuW77qTgc24FiBWsCNvM,,1575 キャバクラ ドレス ドット チュール シースルー 二次会 結婚式,3000,https://item.fril.jp/359cb983cca015fe85cf9003c573c57c
1576,,2JFuX2fCToypVEKoiJvRHs,,1576 CASTLE MARKET キャバクラ ドレス レース タイト,1500,https://item.fril.jp/acbc64255b783b297ac0f8f2cbf73cd5
1577,,2JFuXWyVyzbTKsxNVLRdmr,,1577 キャバクラ ドレス レース バックリボン タイト ミディ シースルー,1000,https://item.fril.jp/bb031c42464cfc234baa43f52778bfb6
1578,,2JFuXsu37h5JRejB7fPyPP,,1578 キャバクラ ドレス ギャザー ミディ シンプル リボン スリット,2000,https://item.fril.jp/16b3d31c3004ad77ca8f46760a4f578b
1579,,2JFuYPJAGGAMXS5vXXV2zt,,1579 cherrykeke キャバクラ ドレス オフショル タイト,2000,https://item.fril.jp/f6a99389133b253b9e3cf948f9f658cc
1580,,2JFuZ7FUYNZ64P3jDHn56b,,1580 キャバクラ ドレス フラワー刺繍 シースルー メルヘン プリンセス,3500,https://item.fril.jp/eb7885d655ff4b74212e9f6a25088d0d
1582,,2JFuZwBn6BHikS5a9GWsoa,,1582 FAWNLILY キャバクラ ドレス レース タイト シースルー,2500,https://item.fril.jp/7b82e4860cf24b75062377dc651745b4
1586,,2JFugcZa3RN4fGtYVLcVKe,,1586 キャバクラ ドレス ラップドレス 総柄 ドレープ ミディ 上品,3000,https://item.fril.jp/902ad77b2fac7f39fb79f9973cd50a7a
1588,,2JFuhU98tW5gmwtwQi9Xnt,,1588 キャバクラ ドレス ニットオフショル レース マーメイド 総柄,3000,https://item.fril.jp/c5b64bbbb825770c006be620652acd95
1589,,2JFui5YHGwJBLgsE8BQCWK,,1589 Red Blue キャバクラ ドレス ツイード キラキラ,3000,https://item.fril.jp/16d39cc7bc2d3ef85735d5d3c2a766ba
1590,,2JFuiUjJDGUbGtXtDcWtdx,,1590 GRACE グレイス キャバクラ ドレス 総レース フリル ミディ,4000,https://item.fril.jp/acc08b6935adf7544fe3d6995a85f99f
1593,,2JFujdNXkoViQQii9VBdKd,,1593 CIRCLE 小花柄 シフォンワンピース ギャザー リボン 華やか,2000,https://item.fril.jp/39086354d21783cd4cc7e8ddcc9de011
1594,,2JFujvsDtVCwNw9TtD2C2F,,1594 GRACE グレイス キャバクラ ドレス 総レース ミディ タイト,4500,https://item.fril.jp/b20ed8407d9a51518ed98405f7be3a9c
1595,,2JFukFH2NtgPbkf6gdPGLR,,1595 GLAMOROUS by Andy グラマラスバイアンディ,7000,https://item.fril.jp/f2c8f853d628793e972257a1a9cf31c4
1596,,2JFukoCySLxAxX4E2FiaRj,,1596 Concierge コンシェルジュ キャバクラ ドレス 二次会,2500,https://item.fril.jp/a0bbf6e007a5a10bc3c71a7a7215ab2a
1602,,CKgz5tuxNHHe4MjqBceJYL,,1602 AR Angel R エンジェルアール キャバクラ ドレス 刺繍,9000,https://item.fril.jp/ed7c7a22301e2ddfc108d33b898b6dc0
1603,,NUv6K3epbZB3oMCKUTQMwe,,1603 ROBE de FLEURS Glossy ローブドフルール,5000,https://item.fril.jp/04515bcfc065f23359e03ed08aca4da3
1605,,2Gwx5Dqze5urecFv23XYLH,,1605 JEWELS ジュエルズ キャバクラ ドレス 総レース フラワー刺繍,2500,https://item.fril.jp/0419aada8ad2fdd39f90fd453917a6f0
1606,,ftXnENTMVRaPGDsaWrnKWb,,1606 Andy アンディ キャバクラ ドレス フロントリボン タイト,6000,https://item.fril.jp/fbc449be110a086f9ff2a25b87244a4c
1611,,wTABDWgmRH9Hz7vZ4MTRDn,,1611 LA POMME キャバクラ ドレス ツイード パイピング,3000,https://item.fril.jp/85ebaa3c89d9ecaae4258539a70c0aa3
1613,,WPrGDCoaJ7jAU6SuzEzjJi,,1613 AR Angel R エンジェルアール キャバクラ ドレス デニム,7000,https://item.fril.jp/57e93d1d8413e5df1e58e3bf751aa9ee
1615,,bMkamCW7yVXyzvJNhTpT6R,,1615 an アン Andy アンディ キャバクラ ドレス ツイード,5000,https://item.fril.jp/d78dee6e9d1a63b22af9c747a4444bc2
1617,,cRqwVipfsGwxAxLBvjDFLA,,1617 ストライプ チューブトップドレス キャバクラ タイト ミニ シンプル,1000,https://item.fril.jp/1ffcdba0ad1c69f2abe29f9adc3001aa
1619,,e6XJXbpJBFEShmwrQKmVBQ,,1619 2wayストラップ ギャザー タイト ミニ キャバドレス S,1000,https://item.fril.jp/61891a847181e9de63283e206046ad2a
1622,,2JFzHHrL8tUzE7a7AuxTN7,,1622 キャバクラ ドレス キャミ タイト ミニ スリット 伸縮性,1000,https://item.fril.jp/07d3dc9ea96bf02f6fe3a8b0ae70e22e
1623,,2JFzHsGXsL6PFg7YyQjLay,,1623 キャバクラ ドレス ツイード ラメ ノースリーブ ゴールドボタン,1000,https://item.fril.jp/157062a8a7bbfba4b1c04b657955fb08
1624,,,,1624 DAZZY デイジー キャバクラ ドレス 総レース タイト 襟付き,1000,https://item.fril.jp/93818408b08e34d951889d2726316d14
1626,,2JFzK7PieNBHokSsJuXZDY,,1626 LINAYUN キャバクラ ドレス ジャガード ノースリーブ ミディ,2500,https://item.fril.jp/dfb668806b81825028220265bfc91fa0
1627,,2JFzKXe3GLBy74PXH9MR7D,,1627 JEWELS ジュエルズ キャバクラ ドレス レース 伸縮性,3000,https://item.fril.jp/9bc60ed784bae168e3f94e9956a158c4
1629,,2JFzjEwgxuk8W3fSKJtqAX,,1629 Tika ティカ キャバクラ ドレス ツイード ラメ ウエストカット,4000,https://item.fril.jp/fdd0648d8bcf42378d4feee1ff8fe9d4
1633,,2JFzkqPf5NYNUxEVcz7hCK,,1633 Tika ティカ キャバクラ ドレス フリル レース フラワー刺繍,1500,https://item.fril.jp/1b2f8eb685517d1905846b9ce156b062
1634,,2JFzmAWr8HTDgQoEFJVNCS,,1634 キャバクラ ドレス 総レース ロング タイト 華やか キャバドレス S,1500,https://item.fril.jp/007a70825fd1bf893b262a1fdee1f4b7
1635,,2JFzmiDdsondxEJK2vxzdN,,1635 Tiara ティアラ キャバクラ ドレス ツイード シルバー金具,3000,https://item.fril.jp/7f7a99778a2ab3318024c4dd1f5a066b
1636,,2JFzn6fnsMNBawDTsU7mKQ,,1636 DAZZY デイジー キャバクラ ドレス ツイード ノースリーブ,3000,https://item.fril.jp/504ceb1e63b89548212f8409b2f8ddfc
1639,,2JG6jRiWiY4Dkh7ci3EzzH,,1639 Tika ティカ キャバクラ ドレス ツイード ラメ キラキラ,3000,https://item.fril.jp/81d02831e08e455c1567dc507865048c
1640,,2JG6kQghQc5ThF7qJFR4Sh,,1640 BayBClub ベイビークラブ キャバクラ ドレス ツイード ラメ,4000,https://item.fril.jp/2305e44e79d8beef85c60c5b67a2655f
1643,,2JG6mJHtBReEVYSRDtkdrk,,1643 キャバクラ ドレス ニット ノースリーブ パールボタン リボン,1000,https://item.fril.jp/b39fad5353ac535d29e9309a7728ff6f
1642,,2JG9hK5Eq7Q22NZPgyUwcv,,1642 DAZZY デイジー キャバクラ ドレス ツイード ラメ フリル,3000,https://item.fril.jp/e0983d96c42b17a7550c9751f074696a
1644,,2JG9higZeH9rQbHUwbXs3e,,1644 an アン Andy アンディ キャバクラ ドレス レース,5000,https://item.fril.jp/6a89e2ff9c0fb0d5250c6b932d0d17e4
1645,,2JG9hzRsmyxNPg2GobuqUK,,1645 キャバクラ ドレス ベロア バッククロス タイト ミニ キャバドレス,1000,https://item.fril.jp/a093ae32138a7dade10a5365a9e2a612
1646,,2JGBNdEo73GFqhwnqzrNdm,,1646 Tika ティカ キャバクラ ドレス フリル ツイード マーメイド,3000,https://item.fril.jp/04dfc40500c898e886c3b85c69bc510c
1651,,2JGBQvPb2RLYf3ZDtNnd3D,,1651 キャバクラ ドレス バンデージドレス キャミ タイト リブ 伸縮性,3000,https://item.fril.jp/758073ade81a0d20bf0fbb6394408095
1653,,2JGEgzkJrPZbqCFXMfgJyJ,,1653 Tika ティカ キャバクラ ドレス 伸縮性 レース タイト ミニ,1500,https://item.fril.jp/20398dc7220b776a6c19e9e536daf358
1657,,2JGEjVfsDkhpnJuNLiUkuK,,1657 キャバクラ ドレス ツイード ラメ キラキラ パールボタン ミニ,1500,https://item.fril.jp/b8f052ab0f686c9e5f21ccdc1f497114
1658,,2JGEjnLTwd3mrYAo4zjmz9,,1658 キャバクラ ドレス 伸縮性 ノースリーブ タイト ミニ ゴールド金具,1500,https://item.fril.jp/5c823b4d3830b4b8f264569bccb05a32
1660,,2JGEkb8oKLqtwcKgSGKUFq,,1660 H&M エイチアンドエム お呼ばれ キャバクラ ドレス ワンピース,1000,https://item.fril.jp/7656ddc9e186fd007d5e3e7f4ce00f9e
1662,,2JGEmSjqGng7gLaZG4dBmQ,,1662 ROBE de FLEURS ローブドフルール キャバクラ ドレス,5000,https://item.fril.jp/9c617ef46baa448dafec9d60b1d5578e
1664,,2JGEv5aqmoiViK3mJrUNbR,,1664 JEAN MACLEAN ジャンマクレーン キャバクラ ドレス,2500,https://item.fril.jp/b10faf7a2d4ade75ace506a327ce51cd
None,,2JGEvn3abmRvaaF6AqaSDk,削除,1665JEWELS ジュエルズ キャバクラ ドレス ツイード ラメ キラキラ,4000,https://item.fril.jp/76a461d2c51e39d55a46e4156dd69c1e
1666,,2JGEw3sJ8AiA96FgqoKPMv,,1666 DAZZY デイジー キャバクラ ドレス レース フリル タイト,3000,https://item.fril.jp/4a780767cf48d39d602b2ec5b66aecf7
1667,,2JGEwUXBc4h8VkhHbJdGWu,,1667 JEWELS ジュエルズ キャバクラ ドレス レース パールボタン,3000,https://item.fril.jp/7b6171b797f2937fd90799a26936e508
1668,,2JGExkKpWDaWZYQ3SWC6cg,,1668 Tika ティカ キャバクラ ドレス リブニット 伸縮性 タイト,1500,https://item.fril.jp/89f1626f7fae64008d81df490f4539cd
1669,,2JGGdfxZsYHFb4GXAGbamq,,1669 Tika ティカ キャバクラ ドレス フラワー刺繍 タイト ミニ,2000,https://item.fril.jp/15e88041055de8fd221dbaa1ea0abe8a
1670,,2JGGefAL6hibbtbFhGTG6n,,1670 JEWELS ジュエルズ キャバクラ ドレス フラワー刺繍 レース,3000,https://item.fril.jp/aaea90639e2368c35764212594c78b24
1671,,2JGGfSA5JbgRBn9rEZeVTw,,1671 Tika ティカ キャバクラ ドレス ツイード ラメ リボン,5000,https://item.fril.jp/a1565309bf5571de0eba86292046145c
1673,,2JGGgndiYW7VhwSvvfAh6Z,,1673 キャバクラ ドレス バンデージドレス チューブトップ スリット,3000,https://item.fril.jp/a9080ec041fd2735e8d483769ad29b75
1675,,2JGGhfKhWHabs9vWfmFkrT,,1675 JEWELS ジュエルズ キャバクラ ロングドレス スリット,9000,https://item.fril.jp/b17c1a62eaba8cd19598c53649e6648b
1676,,2JGHABXbnnLP7rF4nCCpW9,,1676 AR Angel R エンジェルアール キャバクラ ドレス,7000,https://item.fril.jp/527653d539a8e0beaf7484a96946fa58
1677,,2JGHAZFz9Jw2dmBt7NQDmR,,1677 Sunny キャバクラ ドレス 伸縮性 ミディ サイドシースルー,1500,https://item.fril.jp/085f173958cae0acb90fefc63bb68546
1678,,2JGHB5iGiLBGJsSocfjHuQ,,1678 未使用 キャバクラ ドレス レース ホルターネック バックリボン,1500,https://item.fril.jp/dd1d9efdbec6d214830650f111c293da
1679,,2JGHC7EQr6XVfe4i2kcGh3,,1679 GUESS ゲス キャバクラ ドレス ギャザー ドレープ,5000,https://item.fril.jp/2353ece6fdb9fa51645d15886ff14a3c
1681,,2JGHCxRVuHA36qf48FJs8P,,1681 DAZZY×HIKARU RAPHAEL デイジー キャバクラ,2000,https://item.fril.jp/2ef200eb8a326d7e33c44901054dbc1a
1682,,2JGHDSZoGFN5bJezXDcSWo,,1682 DEA by ROBE de FLEURS,7000,https://item.fril.jp/6c7c75c69fb78b80a31c363e77059f89
1691,,2JGHQhEqywRsPpLigbYd7i,,1691 DAZZY デイジー キャバクラ ドレス レース フラワー刺繍,2000,https://item.fril.jp/4927d9363b7f7e0b43f02e46872d7286
1692,,2JGHR5mqpZDzK2LSbb9nme,,1692 DAZZY デイジー キャバクラ ドレス レース ストーン パール,2000,https://item.fril.jp/0d7e24aca0bef3937dc7b03854e8ada9
1693,,2JGHRp9boJy8jySshSWtfM,,1693 DAZZY デイジー キャバクラ ドレス レース フリル タイト,3500,https://item.fril.jp/8d9401a440d65686623ab3b575b7a9f5
1694,,2JGHSKMHv66cY2Hhqi954m,,1694 キャバクラ ドレス タイト ミニ シンプル 伸縮性 バッククロス,2000,https://item.fril.jp/fbe848266ef62972cc7e6dd56cf57067
1695,,2JGKXt3vnuiKBCC2vVEMnZ,,1695 Andy アンディ キャバクラ ドレス シルバー金具 タイト ミニ,5000,https://item.fril.jp/5761d08677fcdee99395ed837925cf2a
1696,,2JGKYEyu5RG8AopVGyxoYh,,1696 BARNAHAN キャバクラ ドレス キラキラ ラメ,3000,https://item.fril.jp/93635a9b25448180a2d021c47312f6f2
1697,,2JGKYfA8vHQpiL3otRUV5o,,1697 ROBE de FLEURS Glossy ローブドフルール,6000,https://item.fril.jp/7dcdb874f01e4b0686e3e19373b16747
1698,,2JGKZheZziiimkipJbZaUS,,1698 LaLa Tulle キャバクラ ドレス 総レース ミディ フリル,3000,https://item.fril.jp/87c0f3eb6d6a1becf268d280da3b793b
1702,,2JGKbELUp3PvKBN2C4h9HK,,1702 ROBE de FLEURS Glossy ローブドフルール,4000,https://item.fril.jp/a7906e2a77eb6b7f9b77f0e24e2c4fd4
1703,,2JGKbjutWVcbNYqEdS6UnE,,1703 ROBE de FLEURS ローブドフルール キャバクラ ドレス,6000,https://item.fril.jp/ed3bcac2330f23d7ad4c0e16ca61b576
1704,,2JGKc3GyDSo5YPGbWm5p5C,,1704 Tika ティカ キャバクラ ドレス レース タイト ミニ ギャザー,3000,https://item.fril.jp/bcde61c0f43e548ba3f828bb63ee2af3
1705,,2JGKd42VbuimLbywHqj2C7,,1705 ROBE de FLEURS Glossy ローブドフルール,6000,https://item.fril.jp/a20c46f4f8a38b92b8629298b0eaed70
1706,,2JGKdcBomjLwYnj5DeiaqG,,1706 ROBE de FLEURS Glossy キャバクラ　ドレス,4000,https://item.fril.jp/3cdf8adc722e799aaf73bf3dfdcce0b8
1709,,2JGKhEfMwYcHL8zHof2VRt,,1709 ONLY ONE キャバクラ ロングドレス プリンセス チュール,20000,https://item.fril.jp/5c2a6e9d1372e751f8c049c9081dad93
1710,,2JGKnn7fhRNQRp57etwvx9,,1710 GLAMOROUS by Andy グラマラスバイアンディ,3000,https://item.fril.jp/e83e76ea30da8329476cd6b3f7d6efe4
1713,,2JGKoVcFosehRE8vF7ELac,,1713 DAZZY デイジー キャバクラ ドレス ホルターネック タイト,3000,https://item.fril.jp/928d5d4520074a6c776ce70bc7814303
1715,,2JGKqAJQnP4VLwtwNi2cHx,,1715 キャバクラ ドレス サテン セットアップ アメスリ フリル シンプル,1500,https://item.fril.jp/84fd8af33db6d1323438601c13a40394
1716,,2JGKqzvnHYf9up3cSkc9Vu,,1716 キャバクラ ドレス 伸縮性 チューブトップ ミニ タイト,1000,https://item.fril.jp/d164a832cb4d834bc8b5b8933a6bc16c
1718,,2JGKrNv4bv52QyhStwbbeB,,1718 キャバクラ ドレス 総レース ストーン リボン タイト ミニ,1000,https://item.fril.jp/a92d28baf7152202a590304cf1da38b7
1719,,2JGKrnra5MvzK4BvSWzW7C,,1719 han queen キャバクラ ドレス 総レース ミディ シフォン,1500,https://item.fril.jp/89996658aabad9a8e687e83cfdd9d3dd
1711,,2JGTdKcAXdG7ajbKXV8fJr,,1711 ROBE de FLEURS ローブドフルール キャバクラ ドレス,12000,https://item.fril.jp/2a02a6a2e3fcdbd35194fb048aab07ee
1714,,2JGTdWdamyVFYQfhwiifw3,,1714 DAZZY デイジー キャバクラ ドレス デニム セットアップ,6000,https://item.fril.jp/d1158fa5826462b5a767bf5c40f50528
1721,,2JGTej4AGkfv8sBeVFXJM3,,1721 JEWELS ジュエルズ キャバクラ ドレス ストーン シースルー,3500,https://item.fril.jp/8e267e4c57cb551f4495c777135ca595
1722,,2JGTf5vo3gwRWegMXhFk3u,,1722 Ryuyu リューユ キャバクラ ドレス ストラップリボン ストーン,5000,https://item.fril.jp/ecf7c73b298dda5cbc449c051bfba0e7
1723,,2JGTfVr7q4i9UsdyKNHov5,,1723 DAZZY デイジー キャバクラ ドレス チェック柄 伸縮性 フリル,2000,https://item.fril.jp/04f03f8f0893b1f72377d5d3a9ea7c08
1724,,2JGTfs8tbnkhhitsp7vMoe,,1724 キャバクラ ドレス ツイードラメ キラキラ ゴールドボタン,1500,https://item.fril.jp/9e9869af6ada9c43bc6a5f631760795b
1725,,2JGTgRDv8NZhGXrMN7Gqbk,,1725 an アン Andy アンディ キャバクラ ドレス ワッフル,7000,https://item.fril.jp/f81dbf76b0345fca9ef6ba3042ffc660
1486,,DccE5NZrJbnTnDQxxpP3SV,,1486 キャバクラ ドレス ワンショルダー ロングドレス リゾート ストーン,4000,https://item.fril.jp/70accba1a3cec9758aec07f7617b7307
1498,,jzVBVSXLMFUsT9QnipVjgD,,1498 DAZZY デイジー キャバクラ ドレス レース ストーン タイト,3000,https://item.fril.jp/05d60100489ebe9f398cb1825269dd7e
1499,,jjtdqfJbtfXecb9k9Sf7B6,,1499 DAZZY デイジー キャバクラ ドレス キャミ タイト ミニ 無地,3000,https://item.fril.jp/e6db108786b9f9056f780de81e8da9f8
1516,,DunHGxq9yvousZuj5dhzUY,,1516 キャバクラ ドレス オフショル スリット ロング フリル シンプル,1000,https://item.fril.jp/ac7e536801bdceaa92dcc9e29ba64817
1500,,qsb4ZFZPzeV5RdJKiF9LPA,,1500 BayBClub ベイビークラブ キャバクラ ドレス ストーン,5000,https://item.fril.jp/8464ea6a5662ef9ff3ad33ab2585e06a
1501,,krgC5YE5KK9wbwUNSCas66,,1501 キャバクラ ドレス フロントリボン ミニ サテン シンプル,1000,https://item.fril.jp/f97bef171a5a112164fba45a7f76afaf
1503,,3rmkdnY93KQSQUFbYPoK79,,1503 dazzy store デイジーストア キャバクラ ドレス 総レース,3000,https://item.fril.jp/8ad4b7b9047164b0aba2eba029581330
1504,,dtEcvQMWo6cEH4KLKbLad,,1504 ERUKEI エルケイ キャバクラ ドレス クロシェレース フラワー,6000,https://item.fril.jp/7a44b00f34dfb6854372fdf2111000b0
1505,,uws5M7AkdsqP39PutoUHmK,,1505 DAZZY デイジー キャバクラ ドレス 総レース リボン ミディ,3000,https://item.fril.jp/3392ec0ab5df1a13ff9b44e08ea85bb3
1506,,DFsfsVTwMi8D9h2Y7e5cqU,,1506 Tika ティカ キャバクラ ドレス 伸縮性 レース タイト ミニ,2500,https://item.fril.jp/58c95f4e77418db7d30a647b7643851f
1507,,,削除,1507 タグ付き Rinfarre リンファーレ キャバクラ ドレス,6000,https://item.fril.jp/14adccdb9cbb8adc605eb54c9f86fa98
1509,,Rnny2ZUTPvF7KpGGeQHWe9,,1509 Tika ティカ キャバクラ ドレス レース リボン ストーン,3000,https://item.fril.jp/fdd9fb0315212508e5b21fec6c8a80a1
1513,,,,1513 an アン Andy アンディ キャバクラ ドレス ツイードラメ,5000,https://item.fril.jp/860d87d8df8555faa4355220b787caa5
1515,,nfLXuwHnebtnSfAfhVqQPH,,1515 GLAMOROUS by Andy グラマラスバイアンディ,9000,https://item.fril.jp/79fe881c9a1af2e2694a548284204c4d
1518,,mFSWvACQ88JMF54BxieXKZ,,1518 Veautt ヴュート キャバクラ ドレス ワンショルダー タイト,4000,https://item.fril.jp/98fa78f77f24dc593a847fdfcaadcfad
1523,,JqM4UGpkpG3CF2wMoY2H7b,,1523 JEWELS ジュエルズ キャバクラ ドレス スパンコール チュール,6000,https://item.fril.jp/b4db811c9224f7c5cae1331474673979
1524,,NoXWwDLKMYE4CrcHA2J7mc,,1524 GLAMOROUS by Andy グラマラスバイアンディ,3000,https://item.fril.jp/4736d63408256463e874ee47ddd46e45
1525,,hiVtpG5NJgFHwZoUxHUdMY,,1525 IRMA イルマ キャバクラ ドレス ワッフル チェック,4000,https://item.fril.jp/f91f6999df42b77f2ce6f72ecfc02803
1526,,RvAGxaYsRyBN9XPRNEXKML,,1526 AR Angel R エンジェルアール キャバクラ ドレス,5000,https://item.fril.jp/9f2862bcdca3ff1f27735f24cca0c0e7
1528,,5T4cxN7Jo4363WYEhDwH75,,1528 Veautt ヴュート キャバクラ ドレス オフショル ミディ,2500,https://item.fril.jp/9435edddb94d4452ec795cee1516d410
1531,,gjy83MgSii2mjh5tATF7EJ,,1531 ROBE de FLEURS ローブドフルール キャバクラ ドレス,5000,https://item.fril.jp/06582d5cd8705fc4e9b064c9e7d1714e
1535,,jB5zUqRce6gmFVHjSuSFK,,1535 vanity ME. バニティーミー キャバクラ ドレス ストーン,3000,https://item.fril.jp/08a4f07cfe1f64c2a203802457ef4c4f
1537,,U94TCCUZMZ54QExZQTzXDn,削除,1537 IRMA イルマ キャバクラ ドレス ワッフル ウエストカット,7000,https://item.fril.jp/ce9e27414bdfb643b52f9acc70eb9217
1538,,,,1538 Tiara ティアラ キャバクラ ドレス サテン 光沢 スリット,3500,https://item.fril.jp/7de2813b305867ef67cb0c0b8fae53fb
1540,,Kd9UwWUovcsdA7wnvU5Qqb,,1540 COCO&YUKA キャバクラ ドレス ストーン シアーストラップ,2000,https://item.fril.jp/3c5a59a1a0998601561973ed34c786c5
1541,,LeKQE3TYhh2YHTsC44RzBT,,1541 GRAXIA キャバクラ ドレス ワッフル パフスリーブ タイト,3000,https://item.fril.jp/40d0b8d93e97837ec4531182ba029a76
1544,,T6FdF5kcrYabWS7TTbbaL9,,1544 dazzy store デイジーストア キャバクラ ドレス レース,2500,https://item.fril.jp/526a4c01420bd0b2cbc02e5a92a02c95
1545,,BWaPZdxmDha37TgHucDdAc,,1545 キャバクラ ドレス オフショル リボン プリーツ フレア 伸縮性,1500,https://item.fril.jp/424fc018fdea82918b4724b2b03f4659
1546,,RgJWVcZ2uNmnodxa5bagga,,1546 DAZZY デイジー キャバクラ ドレス レース フレア タイト,1500,https://item.fril.jp/ae6008eb5ded3d7e3877147141dded29
1547,,9cnQapq3cQT3Xu8oivgpMh,,1547 キャバクラ ドレス フレア 伸縮性 シンプル 肩出し ホルターネック,1000,https://item.fril.jp/513e05ce11dc5e22b536b0e13f27bb9f
1549,,jAEbfypbiNuVUaMRZ6T8Gg,,1549 GRAXIA キャバクラ ドレス フラワー ゴールドボタン タイト,2000,https://item.fril.jp/0faede26234f1a024423f7288506ed2b
1551,,AxGwUKT5joExPNAzjB9BGJ,,1551 キャバクラ ドレス レース オフショル フレア パール ストーン,2000,https://item.fril.jp/4a0b6024e56b60b2c8ef0faa0a055f53
1552,,LJFNTc52xZbTMPMpf63nKj,,1552 COCO&YUKA キャバクラ ドレス レース ギャザー タイト,1500,https://item.fril.jp/466eac489f1554b3064f90bd361daa77
1553,,MCk9eXqYh4VJr7vAQ8eVuC,,1553 キャバクラ ドレス 伸縮性 シンプル 無地 フレア スクエアネック,1000,https://item.fril.jp/cfa2c7f74cc47d3bebbc4778935e0a14
1554,,m9MmUsBWnMnmHeTbYXhWEM,,1554 キャバクラ ドレス タイト オーガンジー ミニ シンプル キャバドレス,1000,https://item.fril.jp/f86b15113ade49fcd04a746d052ac0fb
1555,,Fkg2Bm6N8rxqdJV2VcbSfa,,1555 キャバクラ ドレス フレア オフショル バイカラー タイト ミニ,1500,https://item.fril.jp/989c20071e16cd4115431bbd2970c58b
1556,,mFHoWTfngZfduTWGogwdB,,1556 キャバクラ ドレス レース タイト ミニ ノースリーブ シンプル,1500,https://item.fril.jp/dac9aa73291df3a73ae64952e2aefd11
1557,,9kCDBmXe5mCCBVRujCNeEi,,1557 キャバクラ ドレス オーガンジー スクエアネック フレア シンプル,1000,https://item.fril.jp/c0cdea0572a32f8e82c41542952797b1
1560,,PoatSarV698rU7jYXL38tg,,1560 an アン Andy アンディ キャバクラ ドレス フラワー刺繍,4000,https://item.fril.jp/3057b7dfb0f4ef615340d5f659789551
1561,,hmF8FMPnA7DaXhNxcaaQvN,,1561 キャバクラ ドレス ツイード ゴールドボタン ジップ プリーツ,3000,https://item.fril.jp/80b375c7e48e7e68548baedc0991a1e9
1562,,XVC9j8Nok7wCcWm2fnrZyg,,1562 DAZZY デイジー キャバクラ ドレス フラワー刺繍 パール,3000,https://item.fril.jp/72f0eaf12c0956aa9982ea8adb59d4c0
1563,,CvvqKEngiG7mFK62sNYeqL,,1563 an アン Andy アンディ キャバクラ ドレス 総レース,6000,https://item.fril.jp/35c59da055cb4bdf7354a91ea1b88b61
1565,,CieTwstXxe2kBQqGrqdyaE,,1565 Ciel キャバクラ ドレス レース パール ストーン フレア,3000,https://item.fril.jp/cde155aa448c7ecc6ff1445e42a94ef2
504,,pFxcrA867RqRsbXiVMF4KN,,504 dazzy デイジー ツイードラメ キャバドレス ビジュー パール,4000,https://item.fril.jp/8ad860be13fac6649dd51f7a39ad80fc
505,,JfhV5N8F9TcpBMTMUjgX6g,,505 ほぼ未使用 SHEIN シーイン キャバドレス スクエアネック ミニ,2000,https://item.fril.jp/8e24b96aa2b8e0cf92abbcacaa3ba697
506,,zuWgekhAMhGD7quGNsVEFo,,506 SHEIN シーイン キャバドレス オフショル リボン バイカラー,2000,https://item.fril.jp/a783ba51049f8ea658d2106092b9a4b2
507,,osSFX5N45TFg6xkLFb3WeY,,507 Tika ティカ キャバドレス レース キャミ ペプラム ナイトドレス,5000,https://item.fril.jp/9b93cfc3b0bf11ee583ddf0c8954adf1
508,,34o4caHrfAEMxjH6F7iiTG,,508 dazzy デイジー キャバドレス レース シースルー Sサイズ,4000,https://item.fril.jp/39edde1f5a02f402c12f48d9b9df211e
509,,AdzEwSG2sKXrjgpqnjUYAH,,509 新品タグ付き dazzy デイジー キャバドレス 総レース タイト,3000,https://item.fril.jp/626c612291841949f504af706854f201
510,,jKVfwwtLvcdV48wF8Hgx9Y,,510 Tika ティカ キャバドレス レース ホルターネック ノースリーブ,3000,https://item.fril.jp/8895ab174c0f23eae2c41488e018ab06
511,,SuDwX6FMecNsmxaH5oxZ2T,,511 キャバドレス スクエアネック ゴールドボタン,3000,https://item.fril.jp/8da1da1e79bf97a79f7d45bb9178f678
526,,S3UCvcwAdR8wi4tU8LfDYo,,526 BayBClub ベイビークラブ キャバドレス ツイードラメ レース,7000,https://item.fril.jp/013c15ab51e719e13248f41d9b54e3eb
522,,ea79BuoAVBraTcM87WEJqZ,,522 dazzy store デイジーストア キャバドレス 刺繍 レース,3000,https://item.fril.jp/594e6408b78a1630ccacc1658bb7791e
521,,wLbRP4tYakEGgkiuNTfP5X,,521 BayBClub ベイビークラブ キャバドレス 総レース リボン,2500,https://item.fril.jp/b14df64e16a1839df68fe94ab16d419e
515,,8aruGXKJt5BtLkjohwKTwc,,515 SHEIN シーイン スパンコールドレス ミディ丈 スリット,3000,https://item.fril.jp/ddb378478a0a65d494d1275e27b76b6d
516,,nkJZLKK4YM7iurSGdaVKmR,,516 DEA.by ROBE de FLEURS キャバドレス 総柄,4000,https://item.fril.jp/469cffc3195596fdda003107dd83ac97
514,,aKMXBL53FPBwaLw7dgNDzF,,514 my love lene キャバロングドレス カラードレス ラメ,25000,https://item.fril.jp/3e41fd2285e053b7d6f5dcabfe641347
529,,ZQYJJ5hATcXxrFvh2eZUuV,,529 dazzy store デイジーストア キャバドレス フラワー刺繍,4000,https://item.fril.jp/f9b324f2818959788b5c53f27390eb9d
531,,sj9FV5xm67QRwoVYRc5nMB,,531 Andy アンディ キャバドレス 総レース リボン フリル タイト S,8000,https://item.fril.jp/168e6b79e341ce08b977d37783a3b239
536,,FoWe6Hv2UykME4vzLsdecU,,536 dazzy デイジー キャバドレス 総レース ワンショルダー パール,4000,https://item.fril.jp/dd87af7f657d59521f48ea1c120c4f9f
537,,KZpHHHuuZ6vu9qNqDMfM9n,,537 JEWELS ジュエルズ キャバドレス スパンコール 刺繍 フラワー,7000,https://item.fril.jp/4b1205fa41ca8ef0632bf240549f057b
538,,LRmeXLvV5dySzNMVqK7y7W,,538 Tika ティカ キャバドレス シアーストラップ タイト ギャザー ミニ,2500,https://item.fril.jp/a312fbac8b54342e432a560d6b4131d6
539,,9584WdXwiwWkwSRyDoYXN8,,539 SHEIN シーイン キャバドレス キャミソール タイト ミニM,2000,https://item.fril.jp/04a38afe7a8c85a99655aeeebde390e8
540,,BqRjPtsWTfMjGhjwCMWvDD,,540 dazzy store デイジーストア キャバドレス オフショル,3000,https://item.fril.jp/178912ec3699259aadee50e337aae16a
541,,R5ZJmkXCYv5ZoRd5HM9Qxb,,541 YIYISHISHANG キャバドレス ウエストクロシェレース 透け,1500,https://item.fril.jp/bf49c9ba3427d717ffb3d7d8cb4e4033
546,,5dfFKqe5vXCedqjmK5Y2fF,,546 alimme キャバドレス オフショル フレア M 無地,6000,https://item.fril.jp/39cc038a62bbee4fbdc8ef9cf5ddbe82
548,,oMHofagXow4PYJYNetUB9S,,548 Tika ティカ キャバドレス レース ホルターネック Lサイズ,4000,https://item.fril.jp/319621dbdfada501e76acf572514cb8d
549,,PkAoobtRH2pdw5ZRt9nHFn,,549 TRINITY トリニティ キャバドレス フリル タイト ミディ丈 XS,7000,https://item.fril.jp/620a2374c0bf42c99f5825899c10e408
550,,aGeZD8bPtVTS2q4yaQkZYj,,550 dazzy デイジー キャバドレス レース ドット パール S,3000,https://item.fril.jp/d84b181214373ac73b1efe0cb10a4725
553,,HLCkSje2ggn9DqRZae3JyS,,553 キャバクラ　ドレス　キャバドレス ツイードラメ フリンジ,6000,https://item.fril.jp/39d262a8bccf4e509b66c57064a15f8d
554,,NEC5EiELZBiY4QtVCwG9Te,,554 Dazy キャバドレス ワンピース レース 刺繍 フラワー フレア M,1500,https://item.fril.jp/92a078d0cb3565e74bffceab0942ec3e
555,,fBVLA8xeEGawjqUz2TQF5d,,555 SHEIN シーイン 総柄 ワンピースキャバドレス ストレッチ M,3000,https://item.fril.jp/c0d8c0055f449facba3057359d7de747
557,,bi4cJBAnhoKa6YsKkC5wBj,,557 RINASCIMENTO リナシメント イタリア製 キャバドレス,6000,https://item.fril.jp/2e75a9024884216e435c3271f0674922
558,,fRztyT3fWCmiYRDtqCXy3c,,558 TOMMY HILFIGER トミーヒルフィガー,5000,https://item.fril.jp/3bc8f3c7ff350995bac13a1f0c5edae9
560,,uhZVnrVhsiRAUuUNFCmWU8,,560 CUI YING 総レースドレス キャバドレス Lサイズ ネイビー,4000,https://item.fril.jp/7744f3b24529d9f0f79bf7dc3a0ee339
561,,M6LoKbSysYncjZYaiirQPW,,561 総レースドレス キャバドレス 袖シフォン ミディ丈 Lサイズ,3000,https://item.fril.jp/60f406f530d65086f55c84e0c81ed8e4
562,,9XMp9jTUmZc6hcPBohGrCA,,562 CUI YING キャバドレス 総レース 袖シフォン ミディ丈 Lサイズ,3000,https://item.fril.jp/5c240cc240c24e89d5dfab7ad3c949c9
563,,YNMWQp5FtxJgyy6pZDp29T,,563 キャバドレス スパンコール ビジュー フリンジ ロングドレス,5000,https://item.fril.jp/f66b63f33611da164b29ce99950d9846
564,,xTwZQB5e8FgiJ9hDmJ8BPb,,564 SHEIN シーイン 総クロシェレースドレス キャバドレス スリット,3000,https://item.fril.jp/12945baaf88098ed4634bdb706e1a1de
566,,2m6nLKhYztMihudBBYRb8o,,566 キャバクラ ドレス オフショルダーロングドレス ワンピース,2500,https://item.fril.jp/9e3198a4f066a9dd577452f722e9dbff
568,,RWe8WRjy8X8oJqNPv8ZiZY,,568 DIANE von FURSTENBERG,11000,https://item.fril.jp/08b3d04bf88c8d14cd60751fd0b5dd52
570,,erWgBxrn3zuC2LQZhBoiP5,,570 LAUREN RALPH LAUREN ラルフローレン ロングドレス,9000,https://item.fril.jp/349ea5fe68e21e9c4a60407a814d4196
574,,n2n3PotRa7awkUQ5MeSGqV,,574 dazzy storeデイジーストア キャバドレス レース リボン,5000,https://item.fril.jp/207890db068b7ce65f5e1b0554ad9b5a
575,,FDSFshTrSDxq7LuNvMEqB9,,575 MILLY ミリー ニットドレス キャバドレス ワンピース タイト,4000,https://item.fril.jp/6cd176a77710b4f318348f52c3219a21
576,,cyg9GGFqR8GSvFjreuCTYE,,576 dazzy store デイジーストア キャバドレス レース リボン,2000,https://item.fril.jp/9f233c6276400697bd690f02f0e88189
577,,AJdJqR932igafn7263DpJT,,577 Love Rich ラブリッチ キャバドレス ゴールド刺繍 花柄,10000,https://item.fril.jp/b78e72b3d5461d06581dd8fe4b3d68c4
578,,4SxGQUYgYVtQxzgXnNShqn,,578 LEGERBABE キャバドレス ニット アミアミ サイドシースルー,6000,https://item.fril.jp/c93032ae4026f6c5e2221ea3c7d0f009
580,,DXGjpkzkUwdt5RTMpevJkc,,580 Tika holic ティカホリック キャバドレス レース フリル,4000,https://item.fril.jp/184f1b3cdaa3012e3e2054861da7fb73
581,,4hrWaHNS4J6ZcnTfEyL5nR,,581 dazzy lounge デイジーラウンジ キャバドレス ワッフル素材,3000,https://item.fril.jp/02c1a71ef82f0b51cd981c49715df388
583,,dmmPsupKxzUHx54Kf9Z5pn,,583 ほぼ未使用 dazzy lounge デイジーラウンジ キャバドレス,3500,https://item.fril.jp/3007bfb460241de9de5048a132c34729
584,,AiTpPkPywrBMVSPVpNDqcT,,584 DaTuRa ダチュラ 花柄ワンピース キャバドレス ノースリーブ,2000,https://item.fril.jp/dc6374ee4dbef6a0d8078a99a9e20365
585,,uGbrzEPNN7RKvuWTZEYrKQ,,585 大きいサイズ Pour Vous プールヴー 総レースワンピース,3000,https://item.fril.jp/27c934257ad6d334f2919fb6bc73a858
586,,Xqaez44foPjiEEZi76kigK,,586 新品タグ付き 大きいサイズ CUI YING フォーマルドレス,3000,https://item.fril.jp/4701388f00408243962ef8ff4fd7b1da
589,,qfiRqwCSsSzZHtPYeEAPCT,,589 ONLY ONE オンリーワン キャバドレス チュール スパンコール,9000,https://item.fril.jp/d46586ffad316c53a76443d653c3d460
590,,Fq3ec48oRwhB6JWZn8MdaA,,590 BayBClub ベイビークラブ キャバロングドレス レース ストーン,7000,https://item.fril.jp/0b568f07606f0bdf621ee1252bfc08a0
591,,6vMmLnCbvBhAGRbigveWhX,,591 BayBClub ベイビークラブ キャバドレス ホルターネック リボン,8000,https://item.fril.jp/113718d6add051e1501a1aafb8d24504
592,,XDumrati8VjyDo8e9RqqqJ,,592 K2 キャバドレス 総レース キャミドレス ウエストリボン ナイトドレス,5000,https://item.fril.jp/8b693a115081487068d157ef9d13b8f0
593,,VoxYM9NCWcVWAxpRZxAbF3,,593 ROBE de FLEURS Glossy ローブドフルール,9000,https://item.fril.jp/f66bcac519633e1c498eb2d5bc109cd3
594,,dbxihiUoaPFsuET2UoxKHR,,594 dazzy store デイジーストア キャバドレス スパンコール,4500,https://item.fril.jp/cc293ac542e9f5a6c75a7acdfa312ef8
595,,sGB7JYoU3VeqAPhVCE9jZ9,,595 dazzy queen デイジークイーン キャバロングドレス,6000,https://item.fril.jp/d04eb6a86d662d86c956d80c7a911302
597,,D6CD3S6vGu2vDbBsU5GGYN,,597 dazzy queen デイジークイーン キャバドレス,7000,https://item.fril.jp/a7d6fd46b92f3eb7aa9d85c3b560c718
598,,H4TcSQTGuhkminLNTkmKyU,,598 YI MEI REN チャイナ風 レース 花柄 キャバドレス タイト,2000,https://item.fril.jp/7479b6a76075efa6e026e0bde2511829
599,,YhjjYERsf8Tvk9YCrKetDi,,599 R.L.O BY MILKY WAY キャバドレス シフォン,2000,https://item.fril.jp/be868b41b6d4646dfc9569fb4dd04fb9
600,,okGg58PiMghe96xEhskGen,,600 dazzy lounge デイジーラウンジ キャバドレス オフショル,2000,https://item.fril.jp/e1996a2c8ce9d6a1b42253bef8dd6fec
601,,cPfbxVCPVRJE68xQkMZrdJ,,601 SHEIN シーイン ドットシースルーワンピース ストレッチ Lサイズ,1500,https://item.fril.jp/03295017f56ed1153a1aeefe5db8fa11
602,,fK8ASMQMVxLhYTTmSf7xb,,602 BayBClub ベイビークラブ キャバロングドレス ホルターネック,9000,https://item.fril.jp/25b86635926da44c6d734cba710705b9
606,,Spt6EoHBvxiMkstkEsi894,,606 La vita Rosea キャバドレス ドット フリル レーヨン,4000,https://item.fril.jp/ef21868210a1bb0c121014be79b8f302
607,,diSpdYGMWoByB4HrghFtoV,,607 大きいサイズ SOBRE ソブレ キャバドレス ドット レース,7000,https://item.fril.jp/dd7bb5a36c9320b8e3b933706a1c8210
608,,d5BauaLutDci5KckqTJCgd,,608 新品タグ付き レース切り替えドレス キャバドレス フレア ストレッチ,3000,https://item.fril.jp/f8d0ec5d71de03de523a0a2b1e880a56
609,,q3CMYx6xExqoiaATy9R3wb,,609 新品タグ付き dazzy store デイジーストア キャバドレス,6000,https://item.fril.jp/81deaa383a621b3b309761ec218b4b5f
610,,ULfcJDumg2QdoMTsbJFHBi,,610 新品タグ付き Ryuyu リューユ キャバドレス オフショル タイト,6000,https://item.fril.jp/d6b53eeff8622f64d78184ccac629111
612,,KhiKVem8do3UbWU3bg6eV,,612 Lounge style by dazzy デイジー キャバドレス,3000,https://item.fril.jp/16bd125c7e15a2291541e9abff26ca55
613,,gLBetBWY4DtfYUKCFP8T6m,,613 Ryuyu Chick リューユ キャバドレス シースルー,4000,https://item.fril.jp/6128714dd04110ab78e01d653c02f42f
614,,u2ukpXYVz5zyCfHUZu9diW,,614 Ryuyu Chick リューユ キャバドレス オフショル フリル,3000,https://item.fril.jp/2cb04fc879a63e3b1c050ba8366d36e4
616,,bPP8L2Aurh93LPRowd62fX,,616 honey drop キャバドレス ノースリーブ シースルー タイト,1500,https://item.fril.jp/048e8c8fb4fda946da50c5d28fabee00
617,,cPWHtanUaLb5B2zBDgkEiP,,617 ドット柄シフォンワンピース キャバドレス フレア Mサイズ シンプル,3000,https://item.fril.jp/ec06a26e9ad4267232c0abedd73ae0ab
618,,jZTr9Pa4CTs9KHNzChoJKL,,618 タグ付き シフォンフリルワンピース ひざ丈 Mサイズ ナイトドレス,1500,https://item.fril.jp/46d4f8f8b2e308bb72e32798b12904a2
619,,txHLy6oLX3mta5VmqSd3Mg,,619 ペイズリー柄ノースリーブワンピース ナイトドレス ウエストリボン,1500,https://item.fril.jp/5f3d67c248f1ad650a58232ab0a3b6e2
620,,KYhNoQW8CYGoJq3UeYxSUc,,620 Julia ボーダーチューブトップワンピース キャバドレス フリル,1500,https://item.fril.jp/185c77384cefd3b0f27347599aebfc62
621,,3RTqNiVEHGxKNgW3ZdwzDK,,621 Andy アンディ キャバドレス ドット フリル Mサイズ リボン,7000,https://item.fril.jp/1a25ec0109e7d076045cc736a3091fd8
622,,xHfTt3gHZqhUagAyw4XZTd,,622 PAOLA FRANI パオラ フラーニ キャバドレス レース タイト,7000,https://item.fril.jp/fff6d2ba425529299d86c80f275f690b
623,,oZ7FDCkTh2KTLPeGXVbnCF,,623 PAOLA FRANI パオラ フラーニ イタリア製 キャバドレス,6000,https://item.fril.jp/0087671d0784d19dc7e54b300c0a2630
624,,EEqPdhSgr9Q7SsTJeYaF3R,,624 FLY GIRL フライガール イタリア製 キャバドレス 花柄 レース,9000,https://item.fril.jp/359102c42fdc7c226842fb2d82815fa9
625,,R67erSXTcJEVWzjcCUy2Fm,,625 M イタリア製 キャバドレス 花柄 シフォン フリル リボン,5000,https://item.fril.jp/387de32437fbaad92cb6c664ea4cc257
626,,cL6ZEAz5RjGCKNdHAUdKeD,,626 RINASCIMENTO リナシメント イタリア製 キャバドレス,5000,https://item.fril.jp/83bd8e63d057755db054d000df136305
628,,soXq863CG7kV2ePV9nkGuA,,628 sea シー アメリカ製 ワンショルダードレス キャバドレス ０サイズ,8000,https://item.fril.jp/b132fb2bf1b1c4e17b2f708baab34d55
629,,N2YGXPTrWAr76udfkMGrFU,,629 ANGELA DAYS アンジェラデイズ イタリア製,6000,https://item.fril.jp/a71a2b0d82a16c3bd5d505feea8fc7a9
630,,mKn9BTK2UXSrL6hrCutfPH,,630 DIANE von FURSTENBERG,5000,https://item.fril.jp/368bb0f72c735e22027a74ce71f6a4c5
631,,nztqTpK7CbogD9zbmbcWEA,,631 blugirl ブルーガール イタリア製 キャバドレス ノースリーブ,8000,https://item.fril.jp/520c8b3f6b14db599104a88504428e26
632,,UMeUDh26N34rFaYQ4G2Beg,,632 ABS アレンシュワルツ USA製 キャバドレス 総レース バイカラー,7000,https://item.fril.jp/9e3560033eba4ee540146434a84aea98
633,,UYWajHrCwLwfLLnRkCApz4,,633 DSQUARED2 ディースクエアード イタリア製 キャバドレス,12000,https://item.fril.jp/37b85fbc6e7c3431f2562155433bd7da
634,,SjHTdvzqcaLedWZ2KvkG,,634 blugirl ブルーガール イタリア製 キャバドレス 花柄ドレス,5000,https://item.fril.jp/22d17f52c1cf1cdf32881b1beff0cf8f
635,,YHnQPAHPaiCA9sFJEumY3L,,635 BCBG MAXAZRIA ビーシービージーマックスアズリア,6000,https://item.fril.jp/02c8fee5b43eb65ca8136e5aa5d95955
636,,At2hwNmApQhKhD3EkDBLEZ,,636 ESSENTIEL ANTWERP キャバクラ　ドレス　クロシェ,8000,https://item.fril.jp/4212152ef0a1cefd3be912fd33f66ea0
638,,BgU2RQQeiufa7Fj54ht6Xa,,638 IRMA イルマ キャバロングドレス グラデーション スパンコール,12000,https://item.fril.jp/10f5dce0310845de6563b72f1ec59c5d
639,,DNXRmmkFmZKQ7aH6qfffWc,,639 Tiara ティアラ キャバドレス ペプラム シースルー ミディ丈,5000,https://item.fril.jp/b0bfd52deb528fedd020672fa02af802
640,,iKwCMyQqyYSp3WaMhHhXcG,,640 Dazy SHEIN シーイン ラメロングドレス 深スリット,3000,https://item.fril.jp/853abc44d7a7ef07fad3c3369e9947ee
642,,bjMCw3YisaByHQXJUYVv6J,,642 SHEIN シーイン ギャザードレス キャバドレス スリット,1500,https://item.fril.jp/def823fac3784fa0b114427e5e5cfc1e
643,,Xs99AXKitsLGVWkAcJA8ab,,643 Tika ティカ キャバロングドレス パール 刺繍 フェザー Sサイズ,20000,https://item.fril.jp/12412eaacd7276cc9b68344fc1ad4854
646,,Y5RixJZtUCJQ9vaE7FwEPP,,646 INPERIAL インペリアル キャバドレス ビジュー ストーン,4000,https://item.fril.jp/f0a9089a9e3a3f2e3baff798977f1175
647,,NAkivbHTkb9eTLvuJwtnTV,,647 dazzy デイジー キャバドレス ストーン パール ノースリーブ,4000,https://item.fril.jp/7a383445aa9a96cda042af4f2825f4aa
650,,Kvirv8qw5NiwswkeMLNiUV,,650 ROBE de FLEURS Glossy ローブドフルールグロッシー,7000,https://item.fril.jp/26089fe2fe9642d6424407623c6adef6
651,,Mkx2ecqTpSxAvC73LHDnXZ,,651 ROBE de FLEURS Glossy キャバドレス,7000,https://item.fril.jp/11584bb6f77ba15938a7f45ee1fb4ad2
653,,2jbiyjymXNwnTDczs4JDE,,653 Aveniretoile アベニールエトワール キャバドレス フレア,6000,https://item.fril.jp/9541aa1efe4f2f05da73dc1995dea7d3
654,,i8fXaZPyohM7yRDUBccSGF,,654 Tika ティカ キャバドレス 総レース タイト S ミディ,6000,https://item.fril.jp/c1b36a7ccff8c67b9991ffeb5cc3134c
655,,L99e8bHSVigQqtkDncuuEH,,655 Aveniretoile アベニールエトワール ウール キャバドレス,6000,https://item.fril.jp/260d8a98d24776fa4954120dbb6259fc
657,,2ZpYLEThh8wtGpmupfUFWV,,657 ROBE de FLEURS ローブドフルール キャバドレス,4000,https://item.fril.jp/7709d309d8ce7b116161f9d40ef40cbc
658,,EJqQE2BCPdLCveskQt2weK,,658 YIEELACOO キャバドレス ラメツイードドレス スパンコール,7000,https://item.fril.jp/66d6a84e62ce6f4676f2ce1804262883
659,,fy4JZW29nxxzAKRtV57mdi,,659 TRINITY トリニティー キャバドレス レース タイト ミディ XS,8000,https://item.fril.jp/987000364a24e8130754b496681a492b
661,,,,661 TRINITY トリニティ キャバドレス ドット ホルターネック,2500,https://item.fril.jp/e3982c0fe253ee025fda66d7956f6462
664,,9422duG2GmGTtyLcpVdHJJ,,664 RINASCIMENTO リナシメント キャバドレス スリット,4000,https://item.fril.jp/a5eea4ec12f6f834016b83f8564e6eb3
665,,W4L8U8ANeqTPuodUUuTbY,,665 LIPSY リプシー キャバドレス シフォン レース ワンショルダー,7000,https://item.fril.jp/31c75185dad040c570108be76e1e7e5b
667,,cqWLiqx4bBFhPGVdbVKd7X,,667 TRINITY トリニティ キャバドレス Vネック 総柄 千鳥柄,9000,https://item.fril.jp/4ee6a3b7cecfbcc7e7529b0c62c3a09d
672,,E7Gkk5kXH6Ug74cyE5LVe7,,672 Andy アンディ キャバドレス ワンショルダー スタッズ,7000,https://item.fril.jp/fa8e7b57e543484dbc24fc6f85d78071
676,,Wv8v6UbYuLq9v2AAtMm6KS,,676 RINASCIMENTO リナシメント キャバドレス エンボスロゴ,11000,https://item.fril.jp/5c44fa56b36789470fc15590568ca137
678,,764ytxfnmi9t6UTN5nNnv3,,678 RINASCIMENTO リナシメント キャバドレス フリル スリット,7000,https://item.fril.jp/b752a7c67e1150b92028063301e90f8c
682,,ERgz2z4DjLuLrWaRNPCnDc,,682 RINASCIMENTO リナシメント キャバドレス シースルー,4000,https://item.fril.jp/e576fbdf1b0f94ef46dd4dd613476e76
685,,FkiVcskHfpTqxsrbhLpf7a,,685 RINASCIMENTO リナシメント キャバドレス スクエアネック,7000,https://item.fril.jp/fc35bd25e1e0351fc5a3e3ec3c5e7b4c
686,,F4peWSmr997Mn8ttjwNyGB,,686 DENNY ROSE デニーローズ キャバドレス タイト,11000,https://item.fril.jp/af2442fb333fe453ef9214beed620369
687,,NpkvoHC3H39WxHD94qdn8U,,687 RINASCIMENTO リナシメント キャバロングドレス キャミ,7000,https://item.fril.jp/04e06c9589b78cbdc0069cc47b590dcb
690,,UgenAbmyrGmhpVJXT6jHnn,,690 SZ シンゾーン キャバドレス 総レース クロシェ タイト M,6000,https://item.fril.jp/cfba49e6207958263307db84d4568c97
692,,UGHwN4Qj5rCY8b4nFENdKi,,692 CherryKeKe キャバドレス ドット フリル ノースリーブ S,2000,https://item.fril.jp/3de9f47cc1ad95072262ad618a558913
693,,GDRLvnbKLSiTCx4FEsCUoN,,693 dazzy store デイジーストア キャバドレス フロントカット,3500,https://item.fril.jp/6669dd2d8563b5e6764723a659b425cd
694,,ytNJiFhbvQCmpC9Jv5j3UE,,694 Vanity ME バニティーミー キャバドレス ウエストカット,6000,https://item.fril.jp/2bfa556d2ad8363bac62f313b8148885
695,,4uKDBUKE5L8EnfjgGhLQNF,,695 キャバドレス キャミ タイト スリット シンプル XS,2000,https://item.fril.jp/73656bdf0efc5b1c7d59175d35e858f7
696,,FBPhGC8KdVwRCAtv333FXT,,696 キャバドレス キャミ タイト スリット ナイトドレス シンプル XS,2000,https://item.fril.jp/2e7f185aa605970a2e8e56f87a96a085
688,,LU3PxZLFG3yPHKB6dQUUK9,,688 Tika ティカ キャバドレス 総レース ストーン ビジュー タイト,6000,https://item.fril.jp/2d7e6175374918eba4e68d48ea4b456e
704,,FuemfAet5JQ3HsXUsp4NvC,,704 LEXXY キャバドレス 日本製 シンプル ミディ M スリット,4000,https://item.fril.jp/e8a721205fb2bb5219e5804e138b3394
705,,wswPnSVJo4zxdp3KaJutMS,,705 DSQUARED2 ディースクエアード タイトドレス キャバドレス,10000,https://item.fril.jp/6590933382b1acd0cf1ffd1f8565eba1
706,,X9JoiHcqYrZAY86PhzenvF,,706 DURAS デュラス チューブトップドレス レース シフォン,8000,https://item.fril.jp/81f7f3165ff09373bcf9afa23cb90041
707,,,,707 Duras Ambient デュラスアンビエント チューブトップドレス,8000,https://item.fril.jp/ee225dd22a8a70aaa69d9c57fdbfbce2
711,,4JjYjSa3V2CMNUfPuyd8GX,,711 MIGRATORY BIRDS キャバドレス 総クロシェレース ミディ,4000,https://item.fril.jp/fcbaa2b15462b7a3e321a65801dbe6b4
712,,VdwJGG34x2CL4F4p6QPXnY,,712 フラワークロシェレース キャバドレス スリット S ナイトドレス,4000,https://item.fril.jp/fb3062136ed6c033099dc726a0a7ff6c
713,,MaAc5Dpobp8oLu7mYaXWtD,,713 an アン キャバドレス マーメイド フリル チェック ビジュー,6000,https://item.fril.jp/69240d3648f711b5b7251aa8f82691bb
716,,bFXU3EL54ovnaCRg3xKemX,,716 Vanity ME バニティーミー キャバドレス ストーン シンプル,4000,https://item.fril.jp/8ab79b4c49087f37706541acd8dda1be
717,,mqGipC9iprYifNwwca6pbF,,717 And xi キャバドレス ツイード ゴールドボタン ミニ タイト,9000,https://item.fril.jp/53a8f019954ff627aeec2d722638266c
718,,nXe75ZNuQ9RhxPamG84vnG,,718 DEA by ROBE de FLEURS クロシェレース シフォン,12000,https://item.fril.jp/f8933203df5b7e30431498acfdfc85ec
721,,ZtLY2TbY5RNtG726wru2VW,,721 DEA by ROBE de FLEURS ディアバイローブドフルール,9000,https://item.fril.jp/6886c6f8f657fd706b083331a514206c
725,,6TDo4imiakML3S6JsswH6S,,725 BayBClub ベイビークラブ キャバドレス 花柄刺繍,2000,https://item.fril.jp/2fd8b339bab902de01137d1f84d4e959
726,,7oCKMPrF7aqBFvey9RrPjE,,726 an アン キャバドレス ツイードラメ フリンジ タイト ミニ M,6000,https://item.fril.jp/614d29483e1edbcf90a1e795c5fd5d92
729,,uYLmBU2Z89rha4zFZzf6uW,,729 Tika ティカ キャバドレス 総レース サイドシースルー S,4000,https://item.fril.jp/ffb269c408f933c92a43108fa21a30cb
730,,gT8oHm3p9XXJQgP4bcKNg7,,730 ツイードラメノースリーブドレス キャバドレス パールボタン ゴールド S,2000,https://item.fril.jp/c74feaddc3532e82eb4e35ae1e680cfa
733,,rcW6ckrGwXSKaaTzpR42pa,,733 evelyn キャバドレス チェック ツイードラメ フリル,1500,https://item.fril.jp/39cbc97db05a119d64f64c199dc967ba
736,,YCv99YJyqDofJVE2PzU7Pj,,736 JEWELS ジュエルズ キャバドレス ツイードチェック フリンジ,5000,https://item.fril.jp/38ef5b824c99a332a6ac8187895f3b6d
737,,NGNSkwvei3iJscyZvGyvFf,,737 Tika ティカ キャバドレス オフショル フリル バイカラー M,3000,https://item.fril.jp/fffcfd0cc985d216aa4d7d3c3941937c
738,,VYBPck7VxrV7z9FEvDdfEB,,738 BayBClub ベイビークラブ キャバドレス フレア レース,3500,https://item.fril.jp/6d3e29fd526e1c5e03e634121f1e835a
739,,nizM7aYCqD7YL3jfxH4jwn,,739 dazzy store デイジーストア キャバドレス レース リボン,3000,https://item.fril.jp/4ea144b2d5c5fcd367105bcb3730bd83
745,,d7fDqAnfrowazMnsnSHj9T,,745 dazzy store デイジーストア キャバロングドレス スリット,6000,https://item.fril.jp/a1d455e192b02fc96a650cc4ede30dd6
747,,SL2zXy9gYUsRjhjU3HVS35,,747 Tika ティカ キャバドレス 総レース リボン タイト ミニ S,3000,https://item.fril.jp/eb1179c43eae7c0a7194534e04a72f0c
746,,cQCpB2XtFQhtBCMCikeQpB,,746 dazzy store デイジーストア キャバドレス ニット,3000,https://item.fril.jp/563c20f0015fc7d42c19bdd49cfa171c
749,,vMwuzqDowJREBCoXGuHNfb,,749 クリスマス柄ドレス ファー 大きいサイズ キャミソール 総柄 ミディ,1500,https://item.fril.jp/e8195fffdc656520fafc96f8a1812fba
751,,4jqgTWRDLSrZykzr2yw7pf,,751 ワンショルダードレス リボン タイト ミニ M,1500,https://item.fril.jp/ba96feb929833796e584219f520d3c57
753,,w9VKjRGv2P2bkdK6yMUEkc,,753 GRAXIA キャバドレス バイカラー ノースリーブ ギャザー タイト,2500,https://item.fril.jp/2830fd2221448d64b3af2233f9cd3e0a
754,,ikJJhGCSC56g5jfaLQYLHf,,754 Tongse スパンコールミニドレス キャバドレス 方リボン,2500,https://item.fril.jp/ce76b68049fc66671ba864747e747120
755,,GBqbKaRaTaCfoge9h6FkGA,,755 フリルワンピース ウエストゴム フレアドレス Vネック 膝丈,1500,https://item.fril.jp/880dde1a99b46914a38efed82ae02ea5
756,,By7ERV8G8yMq7MkQs8BVhR,,756 GLERA sugar キャバドレス タイト スリット シンプル S,3500,https://item.fril.jp/0354703d40eec9a2c0e97ce2457349a1
758,,Pu45hzhT93ESjd6qGpEurK,,758 han queen キャバドレス マーメイド オフショル ロング,1500,https://item.fril.jp/f0c6428ebf42ac226657bb4236ba1457
761,,,,761 sugar nine ベロアウサ耳セットアップ ファー S ミニ,3000,https://item.fril.jp/d52274012e717737040b96078ea3502f
760,,yyDXTUY2wobHU9GpRCkrQ4,,760 CREAM サンタワンピース クリスマス イベント ファー キャバドレス,3000,https://item.fril.jp/49933a4194fafcfb027fce1523178606
762,,jTWDb4gorXwPB5GWojbN4i,,762 sugar nine サンタセットアップ ベロア ファー ミニ タイト,3000,https://item.fril.jp/ccaf9ab384a5df0016d91da548f38bfa
764,,fK6cjzrbLdgJjocaGqV78R,,764 Vitoir ラメニットドレス キャバドレス タイト ミディ,1500,https://item.fril.jp/2531cf8dc9547b71dc17836b9768b3c7
770,,UnSB5kFSsCbLg7J6WEJe4m,,770 dazzy store デイジーストア キャバドレス レース フリル,3000,https://item.fril.jp/3a8bd390dd2b94974e733cb3e8e8112f
766,,YFxNtWRxi3HCTgJVyY4fkM,,766 Vanity ME バニティミー サンタ コスプレ ファー キャバ,3000,https://item.fril.jp/bfc4c002f1f2ccc470758a047b5c96b4
771,,frFEw7i4srgX4VYY98LzV8,,771 新品 Tika ティカ アシンメトリーロングドレス キャバドレス,5000,https://item.fril.jp/3bb921d8710ab98f51f1296c8decd795
772,,ovHSaFm3wzUtEKaCPiJN7b,,772 Jearly キャバドレス 総レース ストーン パール ビーズ タイト,5000,https://item.fril.jp/202d9815dcac0048657a8e480deb01d5
773,,v8EoPPmMNRSnRb5cHV7fmf,,773 Tika ティカ 総レース リボン タイト ミニ XL,3000,https://item.fril.jp/c2548a0222cf246dde3c7ccfee82d3c9
774,,mbz4xrFLX3FpAVnhhXMHTE,,774 DAZZY デイジー キャバドレス チェック柄 リボン シースルー,3000,https://item.fril.jp/310b86c1f153b1b89df1da72196d15d3
775,,,,775 新品 MONOOLO キャバロングドレス サイドレース シースルー S,7500,https://item.fril.jp/151f273c8b081fee123c76047e6ee2f7
778,,2WEgENQp2e5We7fHSRYvsN,,778 dazzy store デイジーストア キャバドレス,3000,https://item.fril.jp/474a8002ad43627ef08b3cbb05773b79
783,,AnEzNnrsuu5m9WNxug2NMc,,783 総柄 アメスリロング シフォンワンピース リボン S,1500,https://item.fril.jp/1268e9817ae59cdf5a18259318d589c7
786,,nYMiHgXgZPTkMS7RYYrHA4,,786 Randy キャバドレス ニット 千鳥柄 タイト フレア,3000,https://item.fril.jp/ec2ead103f5001e89ac44ced7c3c8296
787,,NtpqPrNZh3ZowxEnTFRPiC,,787 dazzy store デイジーストア キャバドレス 総レース キャミ,2000,https://item.fril.jp/ac124ef0b4508c0497d94f5de02af370
791,,HQjmaJmzwqCoBgTmT4py2Q,,791 キャバドレス 総レース ノースリーブ タイト ミディ M,2000,https://item.fril.jp/8a92853238d18a2f088132253e1c848d
793,,cuRQ3wYRMD8muPMz6JMXo6,,793 dazzy store デイジーストア キャバドレス レース フリル,3000,https://item.fril.jp/decf98f314c8061cb586a671f3c1e8c1
808,,7gDyJcUP67yQ4MwHKV6fsj,,808 キャバドレス タイト ミディ キャミ スリット XS,4000,https://item.fril.jp/acd5ae24e014727ba0870183a744e6de
809,,uaES3xHhqa9bz7ab9VHqtn,,809 GRAXIA キャバドレス セットアップ ニット ストーン キャミ,4000,https://item.fril.jp/69c4295b06f7af767eb9c629c3f7eea7
810,,FSk338Q4Yj2CeT4pfe2DVk,,810 総クロシェレース キャバドレス ワンショルダー タイト ミディ S,4000,https://item.fril.jp/f9c78968de45ad36d40b4020ad7fe4fc
812,,KxUSoHdaxLaXQSpRvnp6wC,,812 キャバドレス ワンショルダー スリット タイト ミディ XS,1500,https://item.fril.jp/9a194f1e662496246d67ed7f25119f3a
813,,,,813 キャバドレス ワンショルダー タイト ミディ スリット XS,2000,https://item.fril.jp/97e40710c100703d3389bb6c8d950f19
814,,4EQG62A5GiVZ9hobbpFPHb,,814 VESPER ヴェスパー キャバドレス ラメ ミニ タイト ストレッチ,5000,https://item.fril.jp/7ecf176385e49f68b2e532bffac6c843
815,,zgLa4T8pSeCBHJpNaUAtZ5,,815 キャバドレス ベロア バッククロス タイト リボン スリット,1500,https://item.fril.jp/42f991b31e33248985fb61d6e5ee791b
816,,9KHbXgPA3Gj3MdnugXktHP,,816 キャバドレス ワンショルダー タイト スリット ストレッチ S,2000,https://item.fril.jp/4a2c448409a0dede4c4dff317244e683
818,,vxyogenKjQMkZer5vNFpuZ,,818 LIPSY リプシー キャバドレス タイト オフショル バイカラー,5000,https://item.fril.jp/fcbe699d612fa423634e602755d2da00
820,,L2GA2unddymK6qyYhyTaDX,,820 WIWALORNA ワイワロワーナ キャバドレス 総レース オフショル,3000,https://item.fril.jp/3caf2074b599bd8e7973295a6d8456d0
821,,SQJHYjJ88RXnwtGNxAVnu4,,821 Tiara ティアラ キャバドレス レース キャミ タイト ミディ M,4000,https://item.fril.jp/d8c3a35a9cb150652c9265e8c19ca061
823,,EjZb7FDqRRfjXFzJi2wxtY,,823 キャバドレス 袖フリル ミニ シンプル 無地 コットン,4000,https://item.fril.jp/f12a0b429f6d26fe912559b8000344d8
824,,APRjU3ns49KJVYjgp3u8tK,,824 DURAS ambient デュラスアンビエント キャバドレス,5000,https://item.fril.jp/a8c2e0f4daff62e3dd56455465cf8543
828,,jRocY9fqtJqnzU4MrZgxq7,,828 キャバドレス レース スリット タイト ミディ S,4000,https://item.fril.jp/8743a6891c021a032aa499cb37eaa946
829,,MoY5syJTxS2UkwDhQgGSV7,,829 キャバドレス シースルー 袖リボン タイト ミディ M,3000,https://item.fril.jp/3a0623ef58b10eb8052319e99ff064ca
830,,8jdKpV4Z2cVghh23cBb8rK,,830 FEIMAN フェイマン キャバドレス レース クロス タイト ミディ,5000,https://item.fril.jp/1b2ed44ad60f098e7487c8e60b3f8301
831,,uTx5UQrVgTZxHjEpCpaHBc,,831 sunny サニー キャバドレス レース シースルー スリット M,4000,https://item.fril.jp/677993052bdedd2d2f2bf2219de6f4d0
832,,9KHdNgyx8srBR72yMWBHxQ,,832 Zenith キャバドレス 刺繍 フリンジ タイト ミディ ストレッチ,6000,https://item.fril.jp/60aa15cc9ee28370e23f97b94e3d43e6
835,,3TVgi44AJkso4f2L4tAJp5,,835 DENNY ROSE デニーローズ キャバドレス チューブトップ,5000,https://item.fril.jp/c396984ef8cab20391b4eee70bccff46
433,,MevuBZFAWUFeP2yuvJ9QuH,,433 han queen キャミドレス クロシェ総レース タイト ミディ,4000,https://item.fril.jp/4a070e7befa8d60ff9b0d00992430dc9
837,,SDeDCrk9UGb7uHfwsvAFD8,,837 Vanity ME. バニティーミー キャバドレス チェーンストラップ,1500,https://item.fril.jp/f2317d654a51dee6f4ebe6bb485dac26
838,,m5prPtb3N29dzWgPBMU4A5,,838 キャバドレス セットアップドレス ツイード ノースリーブ ミニ S,4000,https://item.fril.jp/3a5a33534b932c01d03820a40ea303c5
839,,MeWxpTNuRfz5W6EkmBYXBY,,839 dazzy デイジー キャバドレス セットアップ クロシェ総レース S,2000,https://item.fril.jp/4442921056d358e38afa1f0c7aab81c9
841,,z2TvUqAtaUkHK2MtyGgtaE,,841 Ryuyuyu リューユ キャバドレス ギャザー タイト ミニ S,3000,https://item.fril.jp/ad3ad7c8164055fc97e5978ec3ac1b31
842,,7Sq6ucQaizH3LPB8KX6Zj7,,842 Ryuyu リューユ キャバドレス 総レース タイト ミニ S,1500,https://item.fril.jp/77051dd3f4a510c0f612475f9e36e2cb
843,,mmAwzMeg4MsprJi6DpcABB,,843 Tika ティカ キャバドレス レース ギャザー S,4000,https://item.fril.jp/4595d95469828a293cd6f8cf2acbad48
845,,tHFLTU2h98s4ePVDxvmmEH,,845 SYMPHONY キャバドレス 刺繍 ストレッチ ワッフル,5000,https://item.fril.jp/57024b4fce8a41a5ef7521d442cf6db0
846,,o2kPAHj6uYTQv2ifTQjm9S,,846 ZARA ザラ 半袖ドレス スリット ミディ ストレッチ シンプル,4000,https://item.fril.jp/99c5632fd09b8f98a9af7fb91816ac29
848,,JTYmzZZLWQtvJ5ru9pzVKc,,848 Tika ティカ キャバドレス 総レース タイト ストーン ミディ M,4000,https://item.fril.jp/f0ad7f5303e099cd8634eaa779e35ede
849,,Sgbv7yGgFTdxphvTDVuk3m,,849 Belsia ベルシア キャバドレス ストーン パール リボン,3000,https://item.fril.jp/64a8842d5cb3931df48d71044805beec
850,,PC5rMZ5Xf2uMYrsUfT4TLT,,850 LA SCALA USA製 キャバドレス 総レース スパンコール,3000,https://item.fril.jp/ea46bb468371bc559d6065b3fe97a96a
851,,srkMVhNTt2sMvRyvqE8RsA,,851 La MODE キャバドレス 総レース タイト ミディ 4サイズ,4000,https://item.fril.jp/6e83fe097010bff8b6d3ed2cf7e878c1
852,,ytTc65W3HzhZ3pcNvFqqRB,,852 dazzy store デイジーストア パンツドレス オールインワン,5000,https://item.fril.jp/252d0c993876a94c7a056a88dd824a1c
853,,Fj5Rap8PsuGdqGLoZqNQtJ,,853 dazzy store デイジーストア パンツドレス オールインワン,6000,https://item.fril.jp/aa907de54d2d0217168422788f7a8491
854,,TrgG3XADWqKrs9hcUxsjAm,,854 aimer anche パンツドレス オールインワン 袖レース M,3000,https://item.fril.jp/c079ba022fbe0bc74a54090cbfc7dc7a
861,,Xj4vtGdzumvPzHiDJiWjLQ,,861 cherrykeke キャバドレス ギンガムチェック オフショル,1500,https://item.fril.jp/0fd9199e8d8ad94c8cef7e78fa068e93
862,,uanJCxzQTzCuf5ZQgt7in3,,862 GRAXIA キャバドレス 総レース タイト シースルー S,3000,https://item.fril.jp/07915925aea0a479d4f6241b1cb77bd0
869,,zad8EbmXkjQChdAggkuxx7,,869 dazzy デイジー キャバドレス ストーン 刺繍 レース タイト,3000,https://item.fril.jp/d4f717ad76c77496de8a8c92707eb716
396,,eoJiuHHmefsVeSVZxXboH9,,396 dazzy queen デイジー キャバドレス パール ストーン,1500,https://item.fril.jp/b56566f2f2a8c2e1ae8694782d33e583
872,,XXugKXyBWG2SbQf522eCjd,,872 JEWELS ジュエルズ キャバドレス レース シースルー タイト,4000,https://item.fril.jp/873349cad0f6e16acf86e57a263c4716
875,,cUseXFMx3GADJXdPPA684M,,875 ERUKEI エルケイ キャバドレス ツイード ビジューボタン サイズ0,3500,https://item.fril.jp/cf6f5087d6bc7f8413489e72a9d88d33
877,,TsdVzrhFKawByJj2yYM8VB,,877 YES'S キャバドレス ギャザー キャミ タイト スリット レース S,7000,https://item.fril.jp/a820941435a06d87fdda8579d827268d
878,,AcNWgkiTcFB4Uu4y4JV6QT,,878 I.N キャバドレス スパンコール ベロア リボン タイト ミニ S,4000,https://item.fril.jp/ce4812451905a46febd824e388af4632
879,,4X7WHSDhJ5GymwzCL4gT5Q,,879 キャバドレス チューブトップドレス モノクロ フロントリボン S,1500,https://item.fril.jp/eb09c756dc0fe10a437745170e5a17f7
880,,WNdwv9YhWThmdr5nSYMsHS,,880 FIFILLES paris フィフィーユ キャバドレス ジップ,3000,https://item.fril.jp/51502ceb3bff04a1846c21694f42a21b
881,,bYgD4nQ7HX5DfswUfjCcYH,,881 PEARL キャバドレス アニマル柄 タイト ミディ スリット,4000,https://item.fril.jp/c725622335aa7ef8f430a747f841a9c5
882,,djFHLbyuRuSaYxnvwpFRcK,,882 FIFILLES paris フィフィーユ キャバドレス 総柄 ネオン,3000,https://item.fril.jp/d809a85ed76dc2742d249acec987d62e
883,,dkCAyERDevWcbNjdGyaTZB,,883 ambient アンビエント キャバドレス 総レース ボートネック,4000,https://item.fril.jp/1e4fb633fa8be94da95e8a6e69ef501f
886,,G4TdzZKTcRZbwm9Voqbbp5,,886 キャバドレス 総スパンコール Vネック タイト ミニ ギャザー,3000,https://item.fril.jp/5714db0b13019b69332d7e44801168ad
890,,i58SwRgzoPuzMmFfkD63qR,,890 ambient アンビエント キャバドレス 総レース タイト,4000,https://item.fril.jp/fac34ef4682aeba2ab8d297339cd51d8
892,,zNMMBJLMNNtpDcDdNokp2S,,892 RINASIMENTO リナシメント キャバドレス サイドレースアップ,8000,https://item.fril.jp/01429fa287b20e71b4aaea371feff674
894,,j5NgrPfL9NT7AuNfxMgb6o,,894 Tiara ティアラ キャバドレス キャミ タイト ミディ M,5000,https://item.fril.jp/86fc2c92198c2193f304303c21e3c6e7
895,,4qgn4nMxPmQbeFpSPKXJ3U,,895 キャバドレス ニットドレス タイト ミディ バイカラー ノースリーブ,2500,https://item.fril.jp/6513590144f1dedaf62fe30ce2e4d5c9
897,,eeFFVCcYFadpyrDHjEVBJ7,,897 Tiara キャバクラ ドレス キャバドレス 刺繍 総柄 キャミ ミニ,8000,https://item.fril.jp/3c7392632b3da6173d0602836a6ee580
900,,QsY73FfAZYneVWGy9QeMpP,,900 Eau Souage キャバクラ ドレス キャバドレス 刺繍 ラメ,6000,https://item.fril.jp/b3d3fe8c4a617cb527003ce74df271aa
904,,MgQ5cBDCMooF5VjkPzZ5iD,,904 キャバクラ ドレス フリルキャミワンピース キャバドレス ラメ XS,1500,https://item.fril.jp/1c64c6a6a57426b876a8590ee93595b1
905,,wFQSDhxiGmRBVdaDgsYWH4,,905 キャバクラ ドレス ラメフリルキャミワンピース XS,1500,https://item.fril.jp/01ff01fcfec4a92510096d86a16b6b79
907,,qjHidBqoWqH2UCqjmydtkX,,907 キャバクラ ドレス Vanessa Heart ヴァネッサハート,6000,https://item.fril.jp/07863f3a22fd6eca9f884faa39b03f73
908,,REfDdz4t3kVnjctLygSo4L,,908 キャバクラ ドレス GINZA COUTURE ERUKEI,5000,https://item.fril.jp/869d6d66d78ab18746a389dad450f158
909,,,削除,909 TRINITY トリニティ キャバクラ ドレス レース タイト ミディ,4000,https://item.fril.jp/bdef0366831fd80b406f93ccc8e08f14
910,,tkQqWWhLQxRGCdhPxjPtfC,,910 キャバクラ ドレス TOPSHOP トップショップ,2000,https://item.fril.jp/2104ef6e5864250ba42daa1c7b3ed55f
912,,KTY3kzgCCUU9ZZQSrNgCMj,,912 キャバクラ ドレス ラメ キャミロングドレス キラキラ タイト,2000,https://item.fril.jp/398ef8f4822cb7be5bd599798db85059
914,,pm3CD3iv8D8T8bosuR5bwM,,914 GRACE グレース キャバクラ ドレス キャミドレス シースルー,4000,https://item.fril.jp/0306f5f560effb49f05a325781fa7f27
916,,bv9Zj9joLHPt94g64CQUVR,,916 SADYCE キャバクラ ワンショルダーロングドレス スリット タイト,8000,https://item.fril.jp/5279b42f72e7c0a468823709e1c97bd5
917,,U6td76Aq95eUkw2VkfZzpg,,917 GZM キャバクラ ドレス オフショル パール キラキラ ストーン,4000,https://item.fril.jp/f29cb23bcc482dd6f754bd593fcdaa61
921,,agzD5oQGnxehhbaUsHwAKg,,921 キャバクラ ドレス ハイネック ノースリーブドレス バイカラー,1000,https://item.fril.jp/9c51a829c21618b613d21bb0230eb2c1
920,,AouueQVMLZe5NikASbDcwN,,920 キャバクラ ドレス シースルー オフショルドレス キラキラ タイト,1000,https://item.fril.jp/a04472a2de5b563672eaf3810d79e9b0
922,,MPQe2ZRGxe3PjCrx2nTsmF,,922 DAZZY デイジー キャバクラ ドレス シースルー XS,3000,https://item.fril.jp/23b2edbd7b0a88681d7b588d945e35e6
919,,rJ76sXnWgiFq69SgAxD4CB,,919 Tika ティカ キャバクラ ドレス キャミ オフショル タイト,3000,https://item.fril.jp/31d09b37d36482e197276502cbefa94e
924,,CsGTFdvKDrHamJmUw22CqA,,924 キャバクラ ドレス チューブトップドレス バイカラー フロントリボン,1000,https://item.fril.jp/d851bc32e7911c620252e987f2254a0d
925,,Z4CViXDWDKTsgTyEEmZEvQ,,925 dazzy store デイジーストア キャバクラ ドレス,2500,https://item.fril.jp/a08ea4febf89c71faad98aea34191e3f
927,,bptETJeW8AXum2L8rb2ALi,,927 Tika ティカ キャバクラ ドレス レース ノースリーブ,3000,https://item.fril.jp/f4c304d70d6f221611a1360683572d5c
928,,r6eDritpaTuzpWLVd4DS49,,928 ERUKEI エルケイ キャバクラ ドレス シースルー ドット 刺繍,5000,https://item.fril.jp/0f7de3e75352d661f074221fc2a22ee1
932,,hetLf69YafNoTz34f9trWP,,932 キャバクラ ドレス ホルターネック ストレッチ ギャザー,1000,https://item.fril.jp/0cdb210dacb0f747bd56e416386e3d06
933,,ZVcwVb5bEyxx3VDXZiNBim,,933 RESEXXY リゼクシー キャバクラ ドレス,3000,https://item.fril.jp/9fcb208ee604bab5ce5cefc9f2ad627d
938,,yaV39coNFA2io7oyCLkgaQ,,938 Tika ティカ キャバクラ ドレス ドットシースルー タイト,1500,https://item.fril.jp/117affd6a58871084dde226be8b62740
941,,uczCy8puiJ4QmySZrJ5CQ,,941 キャバクラ ドレス シフォン フリル 肩出し ストーン リボン,1000,https://item.fril.jp/9c2419d5a2d32fba5c0228745fa01211
945,,WyLYmAuCNFL5xB6gVJz9ua,,945 H&M キャバクラ ドレス ベルベット ベロア ワンピース ミニ,2000,https://item.fril.jp/17f0fac2441c50890cfaf82681b36fbd
949,,v7SGPAXWcurtMFbeyY4ZwX,,949 dazzy store デイジーストア キャバクラ ドレス スカーフ,3000,https://item.fril.jp/563a105b92d013016b49781d0eee4735
953,,7A8tZevyrweR2NBMVE3Nyg,,953 dazzy queen デイジークイーン キャバクラ ドレス 花柄,3000,https://item.fril.jp/7a6ad021d44e6d993f8fa17af8f10c60
954,,DRutfZwoTw2ur5P8PPinda,,954 Red blue レッドブルー キャバクラ ドレス レース キャバドレス,6000,https://item.fril.jp/c21a6cb57423d7cf4db9550077c2a4d8
955,,y4ecCkCwPkT39bN5PtuNeE,,955 Tiara ティアラ キャバクラ ドレス 総レース タイト ミディ,6000,https://item.fril.jp/28566ddd2867c0a02f7defefc24ea092
956,,RTy3mdwKfP4Mj9GgTMCMEo,,956 ROBE de FLEURS Glossy ローブドフルール,8000,https://item.fril.jp/5f7b67b1975e8b98715cca07ea388f38
957,,8rkdvNVfWRxMxikVKtEGy8,,957 Tiara ティアラ キャバクラ ドレス ホルターネック ギャザー,5000,https://item.fril.jp/97ca313438b020dbc520cbb682d4ad7a
958,,Xx6EDcz6R8qucPLHqQ9Cef,,958 tccx キャバクラ ドレス ホルターネック ロングドレス サテン,5000,https://item.fril.jp/9fdba5dd5d649c1dcde66696dd8a1f4b
959,,pBwM2wMKqnbgeJXLXjdmxV,,959 JEWELS ジュエルズ キャバクラ ドレス レース ギャザー タイト,3000,https://item.fril.jp/296027ab5e37c039a879360d93ee31c9
961,,ZmqwdH57QJrUHG379iNz7C,,961 Tika ティカ キャバクラ ドレス レース Vネック フレア,3000,https://item.fril.jp/3ecdeb4d701a4c7aceb2ff799bae7a36
963,,KSdxQvjDvwME4WJurc9FNP,,963 han queen キャバクラ ドレス 総レース ミディ M,3000,https://item.fril.jp/648c442c14dd53baa2032b34211d2fef
960,,PbY3SpFwfZisQKUBef7cN7,,960 JEWELS ジュエルズ キャバクラ ドレス レース タイト,4000,https://item.fril.jp/b816d1fd1c00b41ffdf0527bf3f766b4
965,,NLrZNQdDYk9VXefPRWkbYE,,965 N.FRAME キャバクラ ドレス ジャケット風ワンピース,5000,https://item.fril.jp/8bf71dac01858de05515342e3e077d4f
966,,G3X4PeR83qDqX4rkHk9M5d,,966 JEAN MACLEAN キャバクラ ドレス ロングドレス オフショル,8500,https://item.fril.jp/27ed335164509fb169dbbf67dbd737a3
986,,VXW8cYFLkfSVtqwQDY2fce,,986 GINZA COUTURE ERUKEI エルケイ キャバクラ ドレス,6000,https://item.fril.jp/7251d04ea5d8466d8472a26ad4040b1f
992,,yxJ5U57RDWFduvNnGVLma,,992 GINZA COUTURE ERUKEI エルケイ キャバクラ ドレス,9000,https://item.fril.jp/08649a3eeac4508c80554782412e8be9
993,,qj7oqiiL3Rwuv8xL9dpnMC,,993 ROBE de FLEURS Glossy ローブドフルールグロッシー,6000,https://item.fril.jp/6ac3d7bc386ccc4cfb821ec4919c287a
996,,tFKb7Rz9UiK24yHyhwfaf4,,996 dazzy store デイジーストア キャバクラ オフショル,3000,https://item.fril.jp/fc618b036839fc2355ec019cb5c0a1f3
997,,uNU4UKskJ6KTCoWoGyXJ86,,997 ROBE de FLEURS Glossy ローブドフルールグロッシー,6000,https://item.fril.jp/479fa76862c57eb4317ff84885e530a6
999,,SbUcs5kbNU89TQAnZESVzG,,999 RINASIMENTO リナシメント キャバクラ ドレス ストレッチ,2500,https://item.fril.jp/c2fc0abcd357367f5fbe535f35adca42
1001,,WusZPeKgA4keehHQjyJh2k,,1001 Enuiron キャバクラ ドレス ノースリーブ ストーン レース,4500,https://item.fril.jp/0883d2b3882255c557335c80d4a1ef11
1012,,nVd5KxPf9iLeVMXHkxi3RL,,1012 Angel R エンジェルアール AR キャバクラ ドレス ツイード,7000,https://item.fril.jp/095236adcc46b5c1b51586e024719733
1018,,4hzsEDdZRRcGqgpkunUBg5,,1018 GRAXIA キャバクラ ドレス ゴールドチェーン タイト,3000,https://item.fril.jp/7361e76753aab70330584b563c5ba530
1022,,ejjyt4sW3DdoQ5Bpw8Pdrh,,1022 Tika キャバクラ ドレス 刺繍 パール ストーン フリル,2000,https://item.fril.jp/a57b34bc645b83cfc4ce74aaf0b05a73
1026,,JsbcHwARkzefSUoBeta8DZ,,1026 DAZZY デイジー キャバクラ ドレス セットアップドレス,4000,https://item.fril.jp/24f0685058645004adf21f2c783980c4
1027,,6Vpru6yrutTM9awS82vYi,,1027 キャバクラ ドレス チェーンストラップ ギャザー タイト ミニ 無地,2000,https://item.fril.jp/02822f1f5861bab6ffd998fc02fa49e6
1028,,2q3xKJoTxvbsw4deHi3vvN,,1028 キャバクラ ドレス オフショル サテン タイト 無地 シンプル,1500,https://item.fril.jp/fd9f657f24490a2f0c11009794f2c618
1030,,jGjhsY2d7TYsZNb33USLM3,,1030 AR ANGEL R エンジェルアール キャバクラ ドレス ストーン,4000,https://item.fril.jp/fcd6fe4f5842aa71024d6f8e9dc1b0db
1033,,dyiX7gwtcvzmXNoMsheaLJ,,1033 Andy アンディ キャバクラ ドレス ツイードラメ ノースリーブ,7000,https://item.fril.jp/5fecffa8190d85ec2fe3946cbf01acd5
1034,,Xc8mzNGozPdqH6NeNR2wfR,,1034 DEA by ROBE de FLEURS,7000,https://item.fril.jp/0e548f5408f4b07846535fd9a19c0fbd
1040,,QDiwv8jM7hVipjrPoREnER,,1040 Andy アンディ キャバクラ ドレス ダブルジップ ノースリーブ,6000,https://item.fril.jp/7b43431688b58445d29a0593d41eac33
1041,,iNYySbshQpeVJScgkijWF4,,1041 Andy アンディ キャバクラ ドレス サイドシースルー,3000,https://item.fril.jp/c65b0d3206ec235a62bd441e3f515710
1047,,4USioU7TrJm6wnsLBnDjn7,,1047 SEGUYANGXI キャバクラ ドレス オフショル ドット レース,3000,https://item.fril.jp/783efbe39e57c011442a6b8e16b4d3b6
1048,,tTTXFNyqk6kr8bqAKoXBM,,1048 ROBE de FLEURS Glossy,8000,https://item.fril.jp/fc213556e2527781f9be7046d3c2bdf9
1051,,PHTeUNi8XkbBywvypugz5W,,1051 FLY GIRL フライガール イタリア製 キャバクラ ドレス 総柄,4000,https://item.fril.jp/9e47a344077ef29f4cc18529f18894c3
1052,,iPjxsaisNp4qMoH8gs3eRE,,1052 Andy アンディ キャバクラ ドレス 花柄刺繍 総レース,6000,https://item.fril.jp/a7e660805d21b384918bc33a6f5107f0
1053,,yqkN6pLR3W59L79h5NuWAV,,1053 Andy アンディ キャバクラ ドレス 総レース タイト ミディ,5000,https://item.fril.jp/6704716727da26f54075f49cee1ff0b3
1055,,hTe2NykL6gW5J2NghZfhzV,,1055 Andy アンディ キャバクラ ドレス 総柄 ノースリーブ リボン,5000,https://item.fril.jp/58064f387d96e16dedfa2f7a5f6b4ba4
1056,,qNyxwf6TM9pp59xQuD8gM4,,1056 DEA by ROBE de FLEURS,4500,https://item.fril.jp/ef564508aa6558151ba9ced9a1212370
1054,,RZGzSy3ScDTPMuSifB58T9,,1054 一條しおんさん着用モデル vanity ME. ヴァニティーミー,10000,https://item.fril.jp/bb50d668f5c228052540f5a261c8fa4f
1060,,kh9P5w7CVkZtocaGjfFzKG,,1060 veautt キャバクラ ドレス ストーン オフショル,6000,https://item.fril.jp/1c79732572f462fd245cf6a96f467166
1065,,8wMjMEnFe7FzqjucvWRQa,,1065 JEWELS ジュエルズ キャバクラ ドレス 総レース タイト ミニ,4000,https://item.fril.jp/2361a35f9d4cf57957cd2f67d3a76cb3
1081,,t9buCXSx2npRPfz6TJuUrj,,1081 タグ付き ZARA ザラ フロントリボンワンピース キャバクラ,3500,https://item.fril.jp/33060bd22ead08538e23515df00834a5
1082,,RCZGsHnB8zqHR8sWeavKjC,,1082 ZARA ザラ キャミソールコクーンワンピース キャバクラ ドレス,2000,https://item.fril.jp/d8b34f04521bd205a4bdb83ad855a155
1078,,enwonKWiwBJUKvzAJ5MZRR,,1078 キャバクラ ドレス コスプレ M 制服 推しの子 星野アイ,4000,https://item.fril.jp/4d9734eb54d36856c68070610dfe9804
1077,,WmuCCLQTPRqqihM2Q95GCB,,1077 Vanity ME. ヴァニティーミー キャバクラ ドレス 特注,10000,https://item.fril.jp/ecdbff67b142242c17ea31a1a888cd4d
1064,,UTseZukSpfKs54SsSBoeRC,,1064 JEAN MACLEAN ジャンマクレーン キャバクラ ドレス,25000,https://item.fril.jp/18781a20e751a62475ccfea92843c884
1090,,YzCkiMFSZbiDJDnkWeaU8B,,1090 LIPSY LONDON リプシーロンドン キャバクラ ドレス,3000,https://item.fril.jp/989542d0c54cceaafcd613ed41110514
1091,,AeDMY84kmxts4sdeHFV9LQ,,1091 LIPSY LONDON リプシーロンドン キャバクラ ドレス,3000,https://item.fril.jp/6f6b892bb792bf41e6657d8bd9d45cb6
1092,,r7DBru5NAyof9dskWQoy55,,1092 self-portrait セルフポートレイト キャバクラ ドレス,6000,https://item.fril.jp/1186a8a160cf6ff1d27d1f38f4c30d81
1093,,FRaKRgcamPeou4orCQcahb,,1093 LIPSY LONDON リプシーロンドン キャバクラ ドレス,3000,https://item.fril.jp/b1a68c5ea444a157410ab6dec55df52e
1094,,df7QMvpyoGEA6hQPms8NQY,,1094 MISSGUIDED ミスガイデッド キャバクラ ドレス,6000,https://item.fril.jp/4adf7f7179680692e9555a6f312439d2
1095,,gpsW9cUqVeuDiBeEYFrtxA,,1095 NICOLE ニコル キャバクラ ドレス 総柄 ウエストリボン,3500,https://item.fril.jp/15f52628a496581ad531f5068344e925
1096,,omFoRNKAg5rachgM2v2rG8,,1096 キャバクラ ドレス ストレッチ ボディコン タイト ミディ,3000,https://item.fril.jp/fd7ab47d8a26898475f6455b9abb65f2
1097,,dthvn6k76y4edjrWbQHdA6,,1097 PAPER DOLLS キャバクラ ドレス クロシェ フラワーレース,1500,https://item.fril.jp/b04f35c370dcd9cef4ace834ee95b369
1098,,czsZLKbsoBTgPbj8uLG4rc,,1098 asos エイソス キャバクラ ドレス レース タイト 刺繍,3000,https://item.fril.jp/3c9d0d726286d3308caa2ce4e64cafbb
1101,,,,1101 キャバクラ ドレス ニット タイト ウエストオープン バックオープン,3000,https://item.fril.jp/19ff30c889cecf33004e86c970aa321c
1102,,r4jg27Sfj7QXcSqQdn9bYK,,1102 Lily Brown リリーブラウン クロシェ フラワー 刺繍,4000,https://item.fril.jp/936343c8f6c9ae1250905272bdd2611a
1105,,U9G6cYntKemaFnaQ3MDen5,,1105 minette by Tika ミネットバイ ティカ キャバクラ,3500,https://item.fril.jp/3cf8c1448d629c84c624704d90a4dd42
1008,,vAahFAwF3fifFSx8fcgDrX,,1008 WAAC ワック ゴルフウェア ミニスカート サイドテーピング,6000,https://item.fril.jp/523b8b0baf854a73531f144cf52c558c
1111,,Yf5Ktdu4ybEmmMx9fnDYFf,,1111 Vanity ME. ヴァニティーミー キャバクラ ドレス,1500,https://item.fril.jp/6bee7505c82e38244b40d15442ae5837
1119,,RHhysxpGQtgAYnvrAJWYDo,,1119 チェーン柄 シアーシャツ ブラウス フリル ノーカラー長袖シャツ,1500,https://item.fril.jp/86e13e9a43f6c1dbf98e00b07c4ffe15
1121,,6CbtMYerYqhWYLmB9KYyeD,,1121 キャバクラ ドレス リブ素材 ミニ スクエアネック 無地 シンプル,1500,https://item.fril.jp/baea2d93b1527f417219210d29a9cf47
1122,,Gk6qhTc5mcZWZH6QYF4ymX,,1122 Vロゴチャーム ラップフレアミニスカート シンプル ブラック,2500,https://item.fril.jp/15c4fa79f8dc3e55eeec71d5a0e9a1d5
1123,,UJNrNWueGmRw58jwexLXGf,,1123 キャバクラ ドレス ニットドレス ノースリーブ 総柄 モノトーン,3000,https://item.fril.jp/150de941cab7132ecbca209f5c00e23a
1124,,gof2PA2SdCYmuJt6FEZC3R,,1124 cherrykeke キャバクラ ドレス アシンメトリー フリル,3000,https://item.fril.jp/778b30e159ec1c89fbdce4101ee74ebd
1029,,MhWR5WrVqta2Q5TuAMhbvf,,1029 キャバクラ ドレス ノースリーブ ゴールドボタン ミディ 襟付き,3000,https://item.fril.jp/eb58edfac570c04a7c987764739c501d
1125,,VgffHTq6sUTYzacL3BzpgT,,1125 Lian Yi Fang キャバクラ ドレス ノースリーブ,5500,https://item.fril.jp/1bf533965b32acaba470a27b3f4a211f
1128,,yQo5CVGfmE2xN8UmuzQdb3,,1128 キャバクラ ドレス オフショル フレア タイト ミニ キャバドレス,3500,https://item.fril.jp/47ebd6586dfef9049835fe4f9ec50112
1133,,CbVTCDGFNHSK32XAAXMEh4,,1133 SATURDAY CLUB サタデークラブ キャバクラ ドレス,4500,https://item.fril.jp/a42e6214d5e4de0c090264456539fb70
1137,,gbjVeZ4U2vxdUiao9nanpH,,1137 emiriawiz エミリアウィズ キャバクラ ドレス スタッズ,4500,https://item.fril.jp/e5a51db9c26817e95b85f4cead236eaf
1138,,RrasHfLof3EZywApmo3XyL,,1138 SATURDAY CLUB サタデークラブ キャバクラ ドレス,3000,https://item.fril.jp/724ad1957b504690fb5462e613dccae8
1140,,JbqC2sdEwaJgRMAxKauTXj,,1140 キャバクラ ドレス 襟付き ノースリーブ ラメライン ミディ,2500,https://item.fril.jp/dd6a26d35ed74e4307ada22bf6758924
1141,,PHb5JyXVz7SZSaqdxBX2WE,,1141 キャバクラ ドレス レース シフォン リボン ノースリーブ,1500,https://item.fril.jp/f063f502db79c41e09518c74d624d260
1142,,zj9wxui4wGp329yAsKhdvR,,1142 SATURDAY CLUB サタデークラブ キャバクラ ドレス,3500,https://item.fril.jp/d3de8a39b8173a0cfa15c1a8baa2ff24
1143,,c4jzWk6U46FvinFjmCi8pd,,1143 JEWELS ジュエルズ キャバクラ ドレス ツイードラメ,4500,https://item.fril.jp/71d477f906916c9ea607cb23778f4dc6
1144,,np9BNBDUZJQoxvd83TEoaR,,1144 SATURDAY CLUB サタデークラブ キャバクラ ドレス,3000,https://item.fril.jp/ac711329ae6f2e702fa16b7727fb2191
1145,,wzC3bG3cjNTVYdGQSqSwMN,,1145 SATURDAY CLUB サタデークラブ キャバクラ ドレス,5000,https://item.fril.jp/7d8a9d3cc9344b2af3198ceee877b902
1149,,gMSwtaX36L46V9SmUepHg,,1149 JEWELS ジュエルズ キャバクラ ドレス ノースリーブ レース,5000,https://item.fril.jp/d7f5bd9600374c458b77f1e5f584e09a
1152,,ZJKwC3XXeCYPKJm6D6HGgS,,1152 JEWELS ジュエルズ キャバクラ ドレス ツイード,5000,https://item.fril.jp/7583f83f365f5b70bb76fdd041f07e58
1154,,eMah26ytSsC6wpZuR4hVEA,,1154 未使用タグ付き Andy アンディ キャバクラ ドレス 総レース,8000,https://item.fril.jp/07729db062e74eace12ed376deb023d0
1155,,cjDdJxtUGdXfnTivsDHwWf,,1155 DAZZY デイジー キャバクラ ドレス ツイード,3000,https://item.fril.jp/429b92578e3a3583f520b592234ed52f
1156,,SSwfBRLNfTD4U8Y5XuxXxg,,1156 キャバクラ ドレス ノースリーブ フレア シンプル ミニ,1500,https://item.fril.jp/f9eeaee8b494ab20125fed2bbe9a9c17
1157,,ZHtYdYvsjGtdQUatuYdg57,,1157 SATURDAY CLUB サタデークラブ キャバクラ ドレス,5000,https://item.fril.jp/af6899e7f5e87da78e879b6bed08f09f
1158,,6382Xj2SbHGLfb7bfqfAo6,,1158 SATURDAY CLUB サタデークラブ キャバクラ ドレス,4000,https://item.fril.jp/5ea2caab413174867bdfb2cce55a1bd8
1159,,n87zyJjPFqwfTmaWhWxknc,,1159 SATURDAY CLUB サタデークラブ キャバクラ ドレス,5000,https://item.fril.jp/beee6d6841639c553917011583a5d271
1162,,aWyggadoHKDHcktEPgzv8T,,1162 キャバクラ ドレス スパンコール ツイード ノースリーブ Aライン,4000,https://item.fril.jp/c1edd20645958b64aaf811846aeb1a89
1164,,TTgmCtGrDJpKAPvZmyeqPA,,1164 Andy アンディ キャバクラ ドレス 総レース ミディ スリット,5000,https://item.fril.jp/353bb88045a26e3886057ea854138da4
1172,,ykKYXmcyxdcavUwpLqZorn,,1172 rienda リエンダ キャバクラ ドレス Aライン 総レース,2500,https://item.fril.jp/6d61fb032dd1adaf17fc95310e065a31
1173,,zJbto7asbbVDU2jR9C85t,,1173 キャバクラ ロングドレス スパンコール ホルターネック ストーン,4000,https://item.fril.jp/3bbaff324530a6de7aea73acdec8674d
1174,,vw8YiMjiZsqkRJ2g9e2EpQ,,1174 キャバクラ ロングドレス シフォン ホルターネック ビジュー,3500,https://item.fril.jp/5b33eb502755c0585c14d6969dbf3a10
1175,,6dmhE4hWzEtcPjfEcu9GSF,,1175 DAZZY STORE デイジーストア キャバクラ ドレス,1500,https://item.fril.jp/9ce7cb8cfde956f9d99961421f4e010d
1176,,obwrBM6KUmydvQGsbsEbvY,,1176 Sandie anap アナップ トロピカルワンピース,1000,https://item.fril.jp/c3c1ad2ae953bf3019bcd6ea2a721e7e
1177,,dHn2JB3PejD9Mt4Mb9FpEK,,1177 未使用タグ付き Tika holic ティカホリック キャバクラ,3000,https://item.fril.jp/83aa44bbe7a63df67bf8cf6fdd6d012f
1178,,UsxanhTjWoGLneaQZYFHTk,,1178 FOREVER21 フォーエバートゥエンティーワン バラ柄ワンピース,1000,https://item.fril.jp/f685ffb000c9a594e636611779bae43b
1179,,eW3MEmkZ4PR3Xwq6mBsom9,,1179 TORTE トルテ ノーカラーシャツ ワンピース 総柄 プリーツ,1000,https://item.fril.jp/75304c7277f69c111f05011db2817fcd
1180,,o3svaH5mAgc4iE9jpAsnFk,,1180 salire サリア キャバクラ ドレス ワンピース ノースリーブ,1000,https://item.fril.jp/bc97f6a75439596b5269cef4bfae93f7
1182,,QpqL3nK7Lt3FvCRdZKXhKS,,1182 Tika holic ティカホリック キャバクラ ドレス レース,3000,https://item.fril.jp/27d0425a5b3d63d416d666f9bdb03ab0
1183,,HWTtcGddoa2M4BjFoGewZZ,,1183 DAZZY LOUNGE デイジーラウンジ キャバクラ ドレス ミニ,3000,https://item.fril.jp/cff0452cbc66e86f552f1d8faae77cb6
1184,,jvD9KmJUWQGdaFZWzpsQH4,,1184 dazzy store デイジーストア キャバクラ ドレス シフォン,3500,https://item.fril.jp/694b7a5954e908d67fb75b6f8b104de4
1185,,Gp9oVeSpQKFjUVnLFKQzUe,,1185 dazzy store デイジーストア キャバクラ ドレス,3500,https://item.fril.jp/9d20a964ae284ddc938abbc2ce3d242e
1186,,UaM7xEhs4G5inxqsYrkyGH,,1186 キャバクラ ドレス ツイードラメ ノースリーブ ワンピース ミニ,1000,https://item.fril.jp/f19db139a19104e11c8e279f99cfcb3c
1187,,kyB2CpUZdBipMYnUx4QAtS,,1187 VESTI ヴェスティ キャバクラ ドレス タイト ミニ リボン,2000,https://item.fril.jp/c0af34895cfabaf9cbdf0614d03404e1
1188,,znMyaQwSzsfe5kHEtrTXoF,,1188 キャバクラ ドレス フリル ミディ キャミ キャバドレス,1000,https://item.fril.jp/821072137bd16febb04db9991a8dac8d
1191,,ywodXKFiUkqDJLrGu75TpE,,1191 JEWELS ジュエルズ キャバクラ ドレス レース フリル,5000,https://item.fril.jp/953c9fa17ca49b0208333c1d55b38801
1193,,jJGD2EM446AChSje5NS4BA,,1193 Mon Charme キャバクラ ドレス ラインストーン ノースリーブ,1000,https://item.fril.jp/aa479f28528fd1976cf22cbb8d2c13a8
1194,,hSSBvhaVqyGfm5KEBUuqxV,,1194 RED VALENTINO レッドヴァレンティノ フラワー 花柄,8000,https://item.fril.jp/5f76aeadb82c7152b43d3dec526acffe
1196,,URHH8wZHayhAKJqsPF2q49,,1196 Andy アンディ キャバクラ ドレス スカート フレア ミニ,2000,https://item.fril.jp/1e4b728a016922dbc26454250337c237
1198,,tfKTAyPfnUJsRcR4grR8uA,,1198 キャバクラ ドレス 総レース 襟付き ビジューボタン ストーン ミニ,5000,https://item.fril.jp/6a40bcaaa8210b5b4cb13b91b7a48653
1201,,jqdFaMtxV8WcZA3WJZBy8S,,1201 ERUKEI エルケイ キャバクラ ドレス ツイードラメ フリンジ,6000,https://item.fril.jp/18127edea53c4d7cd5c5aa2fe508b92a
1205,,sE2bhJhYHZpQEDDvuoVP2D,,1205 GRL グレイル キャバクラ ドレス ワンピース ツイードラメ,3000,https://item.fril.jp/7ed36d7f09beadd90043d45faba9af44
1206,,n57P8VztmBqD3hj9VLC8bk,,1206 RADY レディー キャバクラ ドレス ツイード パールボタン,5000,https://item.fril.jp/c887481fd7dd913c90d01a24aac8759d
1208,,7YkKetSFbTbkYxyCpVH98J,,1208 dazzy store デイジーストア キャバクラ ドレス リボン,3000,https://item.fril.jp/a51633e7f691c0ec917a08ab20cef204
1209,,brdKHuQFYo4RjJqsfykvj3,,1209 WIWALORNA ワイワロアーナ キャバクラ ドレス そう ミディ,2000,https://item.fril.jp/452d4036040e1761529117f9a72ab4b6
1213,,UBfifodcmxr9mj4VpEso59,,1213 ROBE de FLEURS Glossy ローブドフルール,5000,https://item.fril.jp/68ab4e42ec431ba1cf84a2a8c364aa8f
1214,,FhL5wyxUDKbNJAKd6D8RAg,,1214 キャバクラ ドレス ツイードラメ パールボタン ミニ ワンピース,1500,https://item.fril.jp/994cd8cb9853ed4f26f3de5d10e3e6bd
1217,,o4BGUa8JidSGQGyzfoavLP,,1217 ERUKEI エルケイ キャバクラ ドレス ツイード ノースリーブ,4500,https://item.fril.jp/4a184c24cf23ddef8abc3dda25f7249c
1219,,4Ln96ceVPEqkLyC7VWoY3g,,1219 DAZZY デイジー キャバクラ ドレス レース タイト シースルー,2500,https://item.fril.jp/c2058ef3bc812a38db3c56e9dba2d094
1224,,XYCvqXVzuu3o4gLdLoLYkF,,1224 an アン キャバクラ ドレス パール ボタン ゴールド,7000,https://item.fril.jp/572e0722b28ca8312dfe331ff06c2aef
1228,,db3SogKzaFTWRUekqdrQWA,,1228 キャバクラ ドレス ツイード ゴールドボタン タイト ホワイト,1500,https://item.fril.jp/1581e95705a89c349b89381b2a2c4878
1231,,9D2MAHKMzJkRT2FVSv2FuR,,1231 キャバクラ ドレス キャミドレス ミニ シンプル バックオープン,1500,https://item.fril.jp/a312204af5ea7531f536999263c8f2fe
1232,,hD7WrdCRNnv5pm2fx2gBfN,,1232 Tika ティカ キャバクラ ドレス スパンコール ロングドレス,4000,https://item.fril.jp/a656f3f40aee0e4ba9d6c93c3e51c6cc
1233,,u2CzeapPMaQ9kbhq4skiR5,,1233 MILANSPRING ミランスプリング キャバクラ ドレス ベロア,1500,https://item.fril.jp/02d7475f224ddaff8b7e565daecdea19
1235,,WaYvVnzCTdDV32xRLaQqFc,,1235 Yijiaren Fashion キャバクラ ドレス キラキラ,1500,https://item.fril.jp/1608ab9e3b796ed28967ea890e6f9680
1241,,7zqSKo6BJBzG29VCeKGvUj,,1241 Blooming ブルーミング キャバクラ ドレス キャミドレス,4000,https://item.fril.jp/69b534a075bf9c6daa531e9b1c52da72
1225,,fYeQHLHWKkm2fTnxPwxWrA,,1225 Tika ティカ キャバクラ ドレス フリンジ フリル モノクロ,4000,https://item.fril.jp/883826a573a189794f9fc4fcba6a5158
1229,,99tNskQLknFAjGMQU24HzS,,1229 Vanity ME ヴァニティミー キャバクラ ドレス,4000,https://item.fril.jp/3f852252ce3ae563dbea0503b1a0303d
1243,,u3h5kyDWXpSDozSC6SqQC4,,1243 Love Rich ラブリッチ キャバクラ ドレス スリット ミニ,3000,https://item.fril.jp/33a7f4daed2b2c75c87c1c3ee007df45
1244,,hrTthpDrqShgKfJckrhLpB,,1244 RESEXXY リゼクシー 袖シアーニットワンピース ミニ タイト,2000,https://item.fril.jp/465800d783705faf94862da07e3b2d2c
1245,,MUktsdXoutfuoVbPYpfADD,,1245 JILL STUART ジルスチュアート チュールワンピース,4000,https://item.fril.jp/20d62497d3185adcf4fa74c89661c846
1246,,X3k3En7vRac4p892FV8fx9,,1246 H&M フリル オフショルワンピース フレア チェック ミニ,1500,https://item.fril.jp/68e21b46fd71b50763614864cc4182fd
1247,,5xk4nc4G8YLcDaRRah5wBi,,1247 RESEXXY リゼクシー キャバクラ ドレス フリル タイト,4000,https://item.fril.jp/4292c21370d7de6ecad3077968c413d2
1249,,DLp2tRHAy45NpXcs8qBGtY,,1249 キャバクラ ドレス ツイード フリンジ ノースリーブ ゴールドボタン,1500,https://item.fril.jp/8460ce37ac6653a30fbd9b12fb4bb6a9
1250,,EGiWRfX2CgpiYwZCRXjkCU,,1250 キャバクラ ドレス ツイードラメ ノースリーブ パールボタン ミニ,1500,https://item.fril.jp/3d27fb1415c74f10afdf264a309553bb
1251,,DFKWZMDkYxwuEE44KYvrjM,,1251 TOPSHOP トップショップ ビジューワンピース スパンコール,3500,https://item.fril.jp/cfecd605b670c3002ae2efc6104a92cb
1252,,T8CYSxsFsia4iauvrHH8x5,,1252 RESEXXY リゼクシー マーメイドロングワンピース キャバクラ,3500,https://item.fril.jp/d9cd5afad807fda00e1250ad32a1ddfa
1254,,,,1254 キャバクラ ドレス ワンピース クロシェレース フレア タイト ミニ,1000,https://item.fril.jp/25b5c3e21ed25487f8418353f3ba0b7e
1255,,TE6vHXiShx6QHFQVkfSbTT,,1255 YIEELACOO キャバクラ ドレス ツイードラメ ノースリーブ,3000,https://item.fril.jp/73083300198a08910d4d2797e77e2819
1256,,yVz79qk8MrmHHLC3xvEP6C,,1256 BayBClub ベイビークラブ キャバクラ ドレス 総レース,3500,https://item.fril.jp/b95d5c75b05477c6e5f9dd88084f0ef5
1261,,5Ae8Nk7PQtk3j4KFuT668F,,1261 SZ キャバクラ ドレス ツイード フレアワンピース フリンジ,2000,https://item.fril.jp/c797b68ca3f987017992080afc33967b
1263,,tvph9XiHidLWKTX7KrgFGD,,1263 Ryuyu リューユ キャバクラ ドレス シフォン シースルー 刺繍,3000,https://item.fril.jp/56b102e317801543265e46f7943a97aa
1265,,SgqC7UtE67iEPucisWkoBk,,1265 キャバクラ ドレス 総柄 シースルー タイト ミニ 長袖 ハイネック,1000,https://item.fril.jp/752819d654ff8a51cc3a80e2dcd67d74
1266,,KPzvcDgk39CyMyCKhmyZff,,1266 キャバクラ ドレス ツイードラメ パールボタン 半袖 キャバドレス S,1500,https://item.fril.jp/6088982aa8311dd1bb46a9c26d897824
1268,,KCFWbCbKnfUNqhZPj7zNX3,,1268 JEWELS ジュエルズ キャバクラ ドレス ツイード ジップ,4000,https://item.fril.jp/7fbe6203142d40eb011917c295287274
1269,,JYtq7zyS4kn959KeSHgQkb,,1269 DAZZY デイジー キャバクラ ドレス ミディ スリット,2000,https://item.fril.jp/2eadf7dc6124f0a6a02d462a34a4d9e9
1271,,LuV8rn3USLqd3DqggQNzm7,,1271 キャバクラ ドレス ノースリーブ プリーツ タイト ストレッチ ミニ,1000,https://item.fril.jp/985205a4817296ad2faad507ec63c198
1273,,bf6bWmTWr82HoqfA6XVYBE,,1273 GINZA COUTURE ERUKEI ギンザクチュール エルケイ,6500,https://item.fril.jp/eecd5fac96c0093f512f0d5f2a7bcd0a
1276,,J8han2YTwCHVtzqxzhnPmZ,,1276 GUILD PRIME ギルドプライム キャバクラ ドレス,6000,https://item.fril.jp/841e13207e6c2f195882d8d3785bf473
1278,,bVVhmVKXs78c5Nx3RVtdRA,,1278 LIQUORISH リカリッシュ キャバクラ ドレス 総レース,5000,https://item.fril.jp/6e58cb3212587778c7193a7869dc5ad0
1281,,oZ6YvpLeJKb9mD6RrLEyWX,,1281 cherrykeke チェリーケケ キャバクラ ドレス,2000,https://item.fril.jp/5de9c2bedca6d4f2bdd6a8aabe05270e
1283,,J23rrgj5CkH7CEMVn9jTzm,,1283 キャバクラ ドレス レース ツイードラメ シアー シースルー,3000,https://item.fril.jp/643e281c53cd18e3d570992597d3d38b
1285,,GGMpU8LfVNNqC5HqBTZVQi,,1285 キャバクラ ロングドレス キャミ スリット ビジュー シースルー,2000,https://item.fril.jp/5a128efb81650559f89631693cf97e35
1287,,2oeEGrr4nNRFi7CdN3vddV,,1287 キャバクラ ドレス セットアップ ワンピース キャミ 花柄,1000,https://item.fril.jp/602608945f2704e0ba24040c91994b15
1288,,Qk26FtmjPxe4z4XEDEep3k,,1288 キャバクラ ドレス キャミドレス ワンピース 総レース シースルー,1000,https://item.fril.jp/a1bf22934ec5922d8a97dd72c0f83a97
1291,,tdzqKFYzjMrDedgV3Uy4MD,,1291 キャバクラ ドレス フラワー キャミドレス ワンピース リボン,1000,https://item.fril.jp/f883c12c0ea14d6cdcf045b060a139d0
1292,,jxziUxTiEtGNVtCNnFUqH8,,1292 GRAXIA キャバクラ ドレス タイトドレス ゴールド 金具,3000,https://item.fril.jp/4b72ab0d9d65f789f6ff27c6f9a98039
1296,,g5GLkEF6qtWqeDi3nGoCqN,,1296 DEA by ROBE de FLEURS,6000,https://item.fril.jp/ac656a7a36f11f3b24b8db48417142ff
1297,,myGmiNoCMKcwK8RU5VhDX9,,1297 Settan ERUKEI エルケイ キャバクラ ドレス フリル,9000,https://item.fril.jp/5a6e0bb153bb3faa3f942629c4a091c5
1298,,JvsNoVfDgaBDLhtybUVHP3,,1298 Andy by LILLION アンディ キャバクラ ドレス リボン,4000,https://item.fril.jp/0bd40f6f333ba9c15676d0699c215679
1299,,AquidziZcD3ju4znk7NWVU,,1299 an アン アンディ キャバクラ ドレス セットアップドレス 星刺繍,8000,https://item.fril.jp/8202396a3bf1009c6ddc53575da10a0c
1302,,v3rB57YwdjFjWL2iCYT8sk,,1302 Settan ERUKEI エルケイ キャバクラ ドレス 総レース,4000,https://item.fril.jp/856d1ecd82364f7905f6dae09723613d
1304,,DXYsWnqF7FoXGQ9Fcu6fo5,,1304 an アン アンディ キャバクラ ドレス ツイードラメ,3500,https://item.fril.jp/287aa21b11a46ee38560430a1460d49f
1310,,CatG3NuARHNZ9B3aj77qWo,,1310 DEA by ROBE de FLEURS,6000,https://item.fril.jp/eaec9ae7759ecee2405c2ed36579a262
1311,,zFBsxNqkmJ8znZZFEsgk8d,,1311 Rinfarre リンファーレ キャバクラ ドレス サテン 光沢,5000,https://item.fril.jp/bfe294a1825cab31659c04ec2fc0f0f7
1312,,jRmoRArzxnHAUZPvmqxUTV,,1312 Settan ERUKEI エルケイ キャバクラ ドレス,7000,https://item.fril.jp/486a734dc44ab57b29aa35c09d445325
1314,,5h3J5tZSJArzeKz7Ahgcq,,1314 Connected APAREL コネクテッドアパレル キャバクラ,4000,https://item.fril.jp/2d38686e274f067ffdadb144ac16bd12
1315,,kapS8Euka9noxwLKaHAyLW,,1315 ERUKEI エルケイ ノースリーブ タイト ミディ Vネック 無地,5000,https://item.fril.jp/bc5b83bed74a8b47a3b76fb28194b889
1324,,vLHykL2yxHcLJqDbJuBrU,,1324 ROBE de FLEURS Glossy ローブドフルール,5000,https://item.fril.jp/ea86fb16e49ada5ce53f2a85241311e2
1323,,BhRV9KRLf5ZyUuvroFhgVk,,1323 Vanessa Heart ヴァネッサハート キャバクラ ドレス,5000,https://item.fril.jp/df66e383f95c4d7eabaa7fef1e069194
1320,,xqhNH5bf2tdDxExzDnCbfn,,1320 Rinfarre リンファーレ キャバクラ ドレス ギャザー,3000,https://item.fril.jp/a7af81d801a0b046d4417ad32c968812
1319,,f8YqbXwfnRmupD6xtNx9B9,,1319 ERUKEI エルケイ キャバクラ ドレス ノースリーブ,6000,https://item.fril.jp/6e6089f7e52987bb548a0e89e7fdffe3
1348,,SYid9fmR6BV76h8d9nuvCg,,1348 DEA by ROBE de FLEURS,5000,https://item.fril.jp/62eba325fc45512ffe4282d0ea2f8f42
1347,,3TFXWjakdgM6ZqBudiZJqY,,1347 JEWELS by suger ジュエルズ バイシュガー キャバクラ,7000,https://item.fril.jp/39cb704520aa6f582311435bd13458ab
1345,,F6dqAeiFwNKbyFS7tXXvHZ,,1345 GINZA COUTURE ERUKEI 銀座クチュール エルケイ,6000,https://item.fril.jp/8b93fd4c0581d7c7973801de9e650976
1343,,wZjwkESA5xePKFmpjtbXZA,,1343 FEIMAN フェイマン キャバクラ ドレス 総レース フリル,1500,https://item.fril.jp/45b2a7b57a4590a188771adc1c64ccce
1342,,Py7LTv7u4UhvSCQrFTUAqa,,1342 JEWELS ジュエルズ キャバクラ ドレス ツイードラメ,5000,https://item.fril.jp/828085cef5bfbb498f3af1b2b6ab4a01
1340,,f5PQesVZdtvQeWneQjquLK,,1340 ERUKEI エルケイ キャバクラ ドレス ツイード フリンジ,2000,https://item.fril.jp/95048ce2bd22d9f98d9dcf0f27fb5fd1
1350,,FGyLzDqUJUoyaPc7c8KtEf,,1350 JEAN MACLEAN キャバクラ ドレス 総レース ノースリーブ,4000,https://item.fril.jp/3b76b35177a6ea7fa5704de3c4a4a947
1351,,3yoh8Kaqxn2tn3FKmbhstQ,,1351 dazzy store デイジーストア キャバクラ ドレス 総レース,1500,https://item.fril.jp/a480492e909f6e58aa0f0571dbcc9fad
1352,,Miw4k76SahPAPC4AbBrE5i,,1352 ROBE de FLEURS Glossy ローブドフルール,4000,https://item.fril.jp/fd2047f32a0729cd6e4a72679097b2e5
1356,,NzdbF6kDFjQk4WpU3mUycd,,1356 dazzy store デイジーストア キャバクラ ドレス レース,2500,https://item.fril.jp/474775dc589b24ff7a5369596d84c0a2
1358,,jaJxtQHVUbQh6yrpwBuu8A,,1358 キャバクラ ドレス 総レース パフショルダー ミディ スクエアネック,1500,https://item.fril.jp/cb19f2cdbfbd3defb9595a981b2d2328
1359,,97no6hZe6ry5iy6pM6Jx6j,,1359 JEWELS ジュエルズ キャバクラ ドレス レース刺繍 フレア,5000,https://item.fril.jp/f375e2126b1337ceda3ecc6eb6824c46
1360,,MnAwgUNzccpML432dAnnyk,,1360 dazzy store デイジーストア キャバクラ ドレス レース,3000,https://item.fril.jp/bf7cb2de2187c217b7d103c87c63343f
1361,,8hM4zFNnfKKsHQbhUnxvbL,,1361 キャバクラ ドレス 袖シフォン ミディ スリット スクエアネック,1000,https://item.fril.jp/31166f0c3360450c7214502abb85199f
1362,,M4ocrLXxpm6j2Buv9bF22D,,1362 キャバクラ ドレス ドット柄 襟付き ミニ タイト 伸縮性,1000,https://item.fril.jp/aa9a220e70202a3f48e8e1bcef7b0f44
1363,,jNLzpoLSMhpGSFP6W5FS3h,,1363 FEIMAN フェイマンキャバクラ ドレス タイト ミディ 伸縮性,1000,https://item.fril.jp/7e3cd471e7f380d4f97edff6f45c859b
1365,,nwNe4dgSD4mh9j4XG3idwZ,,1365 未使用タグ付き cherrykeke キャバクラ ドレス レース,3000,https://item.fril.jp/2edfcc5d9d419cbce94a3ca9d20eda07
1367,,a9VNc9sX7vqSPv9h45zt99,,1367 FEIMAN フェイマン キャバクラ ドレス フリル マーメイド,2000,https://item.fril.jp/bb7036c222fe292811f732faeeb121ff
1372,,,,1372 キャバクラ ドレス ストーン ノースリーブ ワンピース キャバドレス,1500,https://item.fril.jp/85e17424daedd994a4caa3191aee7422
1240,,qBWEFyupvAk2fYnQEmpr9b,,1240 Tiara ティアラ キャバクラ ドレス ストーンストラップ タイト,3000,https://item.fril.jp/1a5fe35b6c414c7cf832344953d2bd0c
1378,,pi2wnSw7vxCYKjmNTXmYRS,,1378 キャバクラ ドレス クロシェレース ストーン ビジュー ミニ タイト,1500,https://item.fril.jp/030e82bda824f03b606986aa294c80fe
1379,,r2nv6iCQVxSLVyS4CtSpvG,,1379 キャバクラ ドレス ニットワンピース ノースリーブ 千鳥柄 総柄,1500,https://item.fril.jp/9f50f02d6bd5aec2a76460c0bbd693ee
1382,,r3VnfMez3tchRCSBwc2xK7,,1382 Tika ティカ キャバクラ ドレス 二次会 リボン ストーン,1500,https://item.fril.jp/fc962799950a5e65b933ef358a116174
1384,,Wbs2bzKypBFQNgPujWowx,,1384 キャバクラ ドレス リブニット ワンピース タイト ウエストカット,1500,https://item.fril.jp/df74a01c3337925d967937f907554563
1385,,5kk59RkDFFfSwtWRZh3q6F,,1385 キャバクラ ドレス ストーン キラキラ シースルー タイト ギャザー,2500,https://item.fril.jp/35254e7037b617cd26554bb1b06c1533
1386,,4qL7B5ijnzfAVLHyAz6ho4,,1386 Vanity ME. ヴァニティミー キャバクラ ドレス,4000,https://item.fril.jp/7ed8dde08c2a7c1a6fdb8ee419d01993
1388,,TnbQh8pwNJJgCMmZTyffmK,,1388 H&M エイチアンドエム キャバクラ ドレス ツイード,1500,https://item.fril.jp/8de53510185988d95f292ce953bf426f
1389,,GXEr5ZGgWgf4KRtTMoDDwY,,1389 キャバクラ ドレス ツイードラメ スパンコール ノースリーブ パール,2000,https://item.fril.jp/4baae9ca2a277e2651f6425d0281979f
1390,,PhezFFgFFt4iLLAesoqT3W,,1390 未使用 キャバクラ ドレス 総レース ノースリーブ フリル タイト,2000,https://item.fril.jp/5ffc2e4c1bdff9c2ac12e63a823be558
1391,,bBhBQk8B3DnXgkpyGgdVD,,1391 ZARA ザラ キャバクラ ドレス ワンピース ミニ キャミ,1500,https://item.fril.jp/5251f3ff8fd87d1dc89fa438fb6c7c41
1392,,V7WshZtaP8XAJBRpVkCSFH,,1392 JEWELS ジュエルズ キャバクラ ドレス レース リボン ミニ,2000,https://item.fril.jp/9468698e7919a39494c36f16336be264
1394,,sN6Hyb2hvdDYM7TLCTr2dm,,1394 JULIA BOUTIQE ジュリアブティック キャバクラ ドレス,3000,https://item.fril.jp/7eed92aaf9e7c31a074fc6804e34882e
1395,,3ja8yfsiNcp3Ayjf4EvNMo,,1395 Tika ティカ キャバクラ ドレス ロングドレス フリル,7000,https://item.fril.jp/e012517589277006af45c687311974e2
1398,,LpmnpgN7vYYg9PhgtmxTqg,,1398 Tika ティカ キャバクラ ドレス 総レース キャミ タイト ミニ,4000,https://item.fril.jp/4c52ca328e4b38a627571fe6ecc7ca1a
1400,,X3NA9oQtv7kK8X2joyKMtm,,1400 GLAMOROUS by Andy グラマラスバイアンディ,7000,https://item.fril.jp/2d208bffc977153dbc144327d71f06f2
1402,,yZqkTRARoeGGS88d9u35L8,,1402 DAZZY デイジー キャバクラ ドレス スパンコール ノースリーブ,2000,https://item.fril.jp/250fc4e27d654a009eade173a7809881
1408,,bdRgfHDFxpE96wLwc4H9BM,,1408 an アン Andy アンディ キャバクラ ドレス ツイード,5000,https://item.fril.jp/6b35833c9306883db764ba5a1d850a0e
1412,,5ehkFJ75gAjbxuEisn3HBQ,,1412 DAZZY デイジー キャバクラ ドレス レース ストーン パール,2500,https://item.fril.jp/24c3e2e1545704785db1cca1bb87bca7
1413,,ovVFNspJjkbRooLLyqe9HY,,1413 DAZZY デイジー キャバクラ ドレス キャミ ギャザー ミニ,1500,https://item.fril.jp/7f0a070cc41433b3be6def5773177601
1416,,eA8k9QRBr3UwHcfkPURjyK,,1416 DEA by ROBE de FLEURS,5000,https://item.fril.jp/9efc85f15f0f7428c40c166ab5c77657
1417,,xLsoxEWjuzTKGCVivi7iA5,,1417 Alice アリス キャバクラ ドレス 総レース シアー,4000,https://item.fril.jp/91b148d185e64bf8ef824bd9b9bcafd4
1418,,m4jTRXqXBTaHqDQe6CRoCQ,,1418 Randy ランディ キャバクラ ドレス レース スリット ミディ,3000,https://item.fril.jp/b9260081ddf6b52d0fc784ce4d7eff42
1419,,RJoRpSVCiYJ3asbXhMfgjd,,1419 AR Angel R エンジェルアール キャバクラ ロングドレス,9000,https://item.fril.jp/d22b4778e74b125659bc25cbcf502248
1420,,MAd5GYMi9w7Zg9YmsYW8uC,,1420 JEWELS ジュエルズ キャバクラ ドレス ツイードラメ,5000,https://item.fril.jp/bd430ee7a30c471817017a58b4512bc0
1421,,eZ9utsDys4R9n5vZFhPCEg,,1421 DAZZY デイジー キャバクラ ドレス 総レース刺繍 シアー,1000,https://item.fril.jp/c903128b994a9734fec4d1c75888db7c
1422,,kpbXpyBURwAQyz7zgnjL4T,,1422 Tika ティカ キャバクラ ドレス レース パール ストーン ミニ,2000,https://item.fril.jp/f469e8a81e6de7c96a6e88a23ec7c194
1423,,,削除,1423 dazzy store デイジーストア キャバクラ ドレス 総レース,2000,https://item.fril.jp/cab3780e6944cd46bb89629a18984478
1424,,AtvgUkr4TrtraVZ6spWnbn,,1424 Andy アンディ キャバクラ ドレス 花柄 フリル タイト,4000,https://item.fril.jp/5a1d7bf5a75b9ff7a1d18ed4d1c23fad
1425,,yGuEkK7uEMt6i6a6vipxkD,,1425 dazzy store デイジーストア キャバクラ ドレス リボン,3000,https://item.fril.jp/52b3f89c7f81750950e3e778392bcbcf
1426,,afnDDFxCTTb2GyUb6Ug6WL,,1426 ROBE de FLEURS ローブドフルール キャバクラ ドレス,3000,https://item.fril.jp/e6a975cf76854704be697ddcc9a30851
1428,,QB8VbzZJntzdumsy6hCBWD,,1428 JEWELS ジュエルズ キャバクラ ドレス レース フラワー 刺繍,5000,https://item.fril.jp/2d0240f4f806d9e2cd50fd438e6643e1
1432,,hs7QvgK3txXyd6XAzfkrGb,,1432 ROBE de FLEURS Glossy,3000,https://item.fril.jp/5b7062733597e318635076473c3bb89f
1435,,ZQYKE7uE8U4e4ePATRcAV7,,1435 キャバクラ ドレス ワンピース ノースリーブ シンプル,1000,https://item.fril.jp/bc773ab4564ae2af4f72562796e1a173
1436,,xDUg9EgMtTgoPGrQpyZYMV,,1436 キャバクラ ドレス オフショル 伸縮性 フレア ミニ タイト,1000,https://item.fril.jp/716263a8d4f69237066edd1dc36c9f97
1437,,dYGZbcnu3NZPpE2zHWp3AZ,,1437 キャバクラ ドレス シフォン ノースリーブ ウエストリボン シンプル,1500,https://item.fril.jp/f6407d91462aae8ffa9d545e6938f8dc
1443,,Ny9s73CxskkfPjE5hJhZbB,,1443 ZARA ザラ ドット柄 シアー レーヨンシャツワンピース リボン,2500,https://item.fril.jp/e5d760127276a5fd8e6f4c3ad8edf38c
1445,,WkifEU45GwNJBjsSJbEeii,,1445 ペイズリーノーカラー リネン シャツワンピース 貝殻チャーム サイズ1,1500,https://item.fril.jp/43aa3fbdc5c18a14c00ea076aa25e717
1446,,SZLuQiXWCnhz8zqbf9cVrU,,1446 キャバクラ ドレス 伸縮性 ミディ タイト シンプル キャバドレス M,3500,https://item.fril.jp/212d7eea260c487353c51aa0f14479d5
1447,,QyHZdn5RvfWUtuXdPgUAVG,,1447 ROBE de FLEURS Glossy ローブドフルール,8000,https://item.fril.jp/001c140649d67c9167b483fc8eafe9af
1450,,nCE7utdmSJr499LvufKV8,,1450 キャバクラ ドレス シャツワンピース 総柄 キャバドレス XL,3500,https://item.fril.jp/4712aa2151299e63152b0f0ad63df69b
1451,,XbDqJRjYHMg5stxyqHa5UW,,1451 rinfarre リンファーレ キャバクラ ドレス ブロックチェック,1500,https://item.fril.jp/549db41ffd009c6a9d2d2d7b6a739361
1453,,Joh5Bg3LUHYwqh9gmPR5nV,,1453 キャバクラ ドレス ジャージ素材 フロントジップ ノースリーブ,1500,https://item.fril.jp/57b570535767a134306b2165fa835b84
1454,,44HacmrYgxyFbg7xGpRNQK,,1454 タグ付き ROBE de FLEURS Glossy,7000,https://item.fril.jp/f15c786ce3221b75485213860bbdab90
1455,,MDVjKZoe5XkGipGU4Y8cSc,,1455 Rinfarre リンファーレ キャバクラ ドレス ミディ 花柄,2000,https://item.fril.jp/7cd2414621759b23824ba523b3717ffc
1456,,bc8Nb4wiRrjB8Su3vyNmRH,,1456 Emiria Wiz エミリアウィズ キャバクラ ドレス,5000,https://item.fril.jp/1e82934dd1b01d3cf15c874a9920bbe5
1457,,U5SfRnsbXvoPYLn8y7a946,,1457 GLAMOROUS by Andy グラマラスバイアンディ,5000,https://item.fril.jp/f9702504f25a6251e8c268b9a9630a37
1440,,cD6MwBCmoAwzoPMoMxiRaE,,1440 my love love マイラブラブ キャバクラ ロングドレス,25000,https://item.fril.jp/f70f31bcccefcf017f1358f4030e5bad
1458,,mcdGHXJsNq5scGam2qfkUM,,1458 キャバクラ ドレス ウエストカット フリル ミディ 無地 シンプル,3000,https://item.fril.jp/de79ad6129ef1795917c4ad6c064479d
1459,,MSKNTDDCQ8JM9jGQygv3k6,,1459 JEWELS ジュエルズ キャバクラ ドレス レース ミニ タイト,4000,https://item.fril.jp/af577ae705370d42189398d55dec8656
1460,,bdGsqSh72Un7PJMzcxVgR5,,1460 GLAMOROUS by Andy グラマラスバイアンディ,8000,https://item.fril.jp/5d42574777eed9c9ec49edd9ff46aab8
1461,,RJiBeSc8JUuaP6o7qXFsrJ,,1461 DEA by ROBE de FLEURS,6000,https://item.fril.jp/45336aeca01908b9c6f0b6f1156bfe98
1463,,ASXKA3N3NrFqUXPUTdjLmF,,1463 ROBE de FLEURS Glossy ローブドフルール,4000,https://item.fril.jp/5944bc69e1eeb39452b00fe3c0e4d69b
1465,,iAnwSFPc5wC6Ln4QcDw9sR,,1465 GLAMOROUS by Andy グラマラスバイアンディ,5000,https://item.fril.jp/7325663a9253c12bac58d04654a9300c
1466,,rWCBHj8Zfxg5Ng4bB68pTY,,1466 JEWELS ジュエルズ キャバクラ ドレス ツイード フリル,3500,https://item.fril.jp/c761617a452a2580624e377f65fe8a81
1467,,X7CpSBDGu9qN9LmJu9sxb5,,1467 JEWELS ジュエルズ キャバクラ ドレス ツイード チェック,8000,https://item.fril.jp/9a658bfb2c267df6c689be982370ea65
1473,,YsefBDhNpbJTppDANvxyVU,,1473 キャバクラ ドレス シンプル ミディ キャバドレス ノースリーブ,1500,https://item.fril.jp/a6b71093bd616322942df3c2b3b9a6e1
1476,,,,1476 suger シュガー キャバクラ ドレス ファー オフショル タイト,5000,https://item.fril.jp/8c9c38c6e7cf54681f0f0fe279085884
1481,,of5L7JK8GNbwR5JGLMvTxY,,1481 タグ付き RUI XUE キャバクラ ドレス タイト ミニ ストーン,6000,https://item.fril.jp/28780d393f7d7254131acb799ed567ad
1480,,AwT982Eqx6mj6uZSgpp37E,,1480 キャバクラ ドレス ストーン ホルターネック サテン ギャザー,1000,https://item.fril.jp/890d2c62284373d9032afd964c5773e5
1485,,aQBgX5frtob9LXvnxVxzs9,,1485 キャバクラ ドレス ロングドレス サテン レース スリット キャミ,1000,https://item.fril.jp/dd36199063b023aa2a52b97bf5d092d7
1491,,BWDp58UkU5ANCZRL9VKMN6,,1491 キャバクラ　ドレス　タイト　キャミドレス　スリット　シルバー,1000,https://item.fril.jp/2714500b4b55e7a7613ec792c84e07c0
1492,,8NerCCg7ukGKhs6PfT2Etn,,1492 キャバクラ　ドレス　タイト Vネック　スリット　ミディアムドレス,1000,https://item.fril.jp/535567ac35d86782dd2dd2e11943a326
1493,,8X8pCoyALCpKGZN2UWoorc,,1493 BayBClub ベイビークラブ　キャバクラ　ドレス　ワッフル生地,3000,https://item.fril.jp/4e8571c2ba3d7b5ed242b3186bf86976
