品番,重複,商品名,価格,URL
504,,504 dazzy デイジー ツイードラメ キャバドレス ビジュー パール,4000,https://item.fril.jp/8ad860be13fac6649dd51f7a39ad80fc
505,,505 ほぼ未使用 SHEIN シーイン キャバドレス スクエアネック ミニ,2000,https://item.fril.jp/8e24b96aa2b8e0cf92abbcacaa3ba697
506,,506 SHEIN シーイン キャバドレス オフショル リボン バイカラー,2000,https://item.fril.jp/a783ba51049f8ea658d2106092b9a4b2
507,,507 Tika ティカ キャバドレス レース キャミ ペプラム ナイトドレス,5000,https://item.fril.jp/9b93cfc3b0bf11ee583ddf0c8954adf1
508,,508 dazzy デイジー キャバドレス レース シースルー Sサイズ,4000,https://item.fril.jp/39edde1f5a02f402c12f48d9b9df211e
509,,509 新品タグ付き dazzy デイジー キャバドレス 総レース タイト,3000,https://item.fril.jp/626c612291841949f504af706854f201
510,,510 Tika ティカ キャバドレス レース ホルターネック ノースリーブ,3000,https://item.fril.jp/8895ab174c0f23eae2c41488e018ab06
511,,511 SHEIN シーイン キャバドレス スクエアネック ゴールドボタン,3000,https://item.fril.jp/8da1da1e79bf97a79f7d45bb9178f678
526,,526 BayBClub ベイビークラブ キャバドレス ツイードラメ レース,7000,https://item.fril.jp/013c15ab51e719e13248f41d9b54e3eb
522,,522 dazzy store デイジーストア キャバドレス 刺繍 レース,3000,https://item.fril.jp/594e6408b78a1630ccacc1658bb7791e
521,,521 BayBClub ベイビークラブ キャバドレス 総レース リボン,2500,https://item.fril.jp/b14df64e16a1839df68fe94ab16d419e
515,,515 SHEIN シーイン スパンコールドレス ミディ丈 スリット,3000,https://item.fril.jp/ddb378478a0a65d494d1275e27b76b6d
516,,516 DEA.by ROBE de FLEURS キャバドレス 総柄,4000,https://item.fril.jp/469cffc3195596fdda003107dd83ac97
514,,514 my love lene キャバロングドレス カラードレス ラメ,25000,https://item.fril.jp/3e41fd2285e053b7d6f5dcabfe641347
529,,529 dazzy store デイジーストア キャバドレス フラワー刺繍,4000,https://item.fril.jp/f9b324f2818959788b5c53f27390eb9d
531,,531 Andy アンディ キャバドレス 総レース リボン フリル タイト S,8000,https://item.fril.jp/168e6b79e341ce08b977d37783a3b239
536,,536 dazzy デイジー キャバドレス 総レース ワンショルダー パール,4000,https://item.fril.jp/dd87af7f657d59521f48ea1c120c4f9f
537,,537 JEWELS ジュエルズ キャバドレス スパンコール 刺繍 フラワー,7000,https://item.fril.jp/4b1205fa41ca8ef0632bf240549f057b
538,,538 Tika ティカ キャバドレス シアーストラップ タイト ギャザー ミニ,3000,https://item.fril.jp/a312fbac8b54342e432a560d6b4131d6
539,,539 SHEIN シーイン キャバドレス キャミソール タイト ミニM,2000,https://item.fril.jp/04a38afe7a8c85a99655aeeebde390e8
540,,540 dazzy store デイジーストア キャバドレス オフショル,3000,https://item.fril.jp/178912ec3699259aadee50e337aae16a
541,,541 YIYISHISHANG キャバドレス ウエストクロシェレース 透け,1500,https://item.fril.jp/bf49c9ba3427d717ffb3d7d8cb4e4033
546,,546 alimme キャバドレス オフショル フレア M 無地,6000,https://item.fril.jp/39cc038a62bbee4fbdc8ef9cf5ddbe82
547,,547 BARMAHAN キャバドレス ニットワンピース 総柄 Vネック フレア,4000,https://item.fril.jp/e581b673634945db6e0842d0f95a6788
548,,548 Tika ティカ キャバドレス レース ホルターネック Lサイズ,4000,https://item.fril.jp/319621dbdfada501e76acf572514cb8d
549,,549 TRINITY トリニティ キャバドレス フリル タイト ミディ丈 XS,7000,https://item.fril.jp/620a2374c0bf42c99f5825899c10e408
550,,550 dazzy デイジー キャバドレス レース ドット パール S,3000,https://item.fril.jp/d84b181214373ac73b1efe0cb10a4725
553,,553 SHEIN シーイン キャバドレス ツイードラメ フリンジ,6000,https://item.fril.jp/39d262a8bccf4e509b66c57064a15f8d
554,,554 Dazy キャバドレス ワンピース レース 刺繍 フラワー フレア M,1500,https://item.fril.jp/92a078d0cb3565e74bffceab0942ec3e
555,,555 SHEIN シーイン 総柄 ワンピースキャバドレス ストレッチ M,3000,https://item.fril.jp/c0d8c0055f449facba3057359d7de747
557,,557 RINASCIMENTO リナシメント イタリア製 キャバドレス,6000,https://item.fril.jp/2e75a9024884216e435c3271f0674922
558,,558 TOMMY HILFIGER トミーヒルフィガー,5000,https://item.fril.jp/3bc8f3c7ff350995bac13a1f0c5edae9
560,,560 CUI YING 総レースドレス キャバドレス Lサイズ ネイビー,4000,https://item.fril.jp/7744f3b24529d9f0f79bf7dc3a0ee339
561,,561 総レースドレス キャバドレス 袖シフォン ミディ丈 Lサイズ,3000,https://item.fril.jp/60f406f530d65086f55c84e0c81ed8e4
562,,562 CUI YING キャバドレス 総レース 袖シフォン ミディ丈 Lサイズ,3000,https://item.fril.jp/5c240cc240c24e89d5dfab7ad3c949c9
563,,563 キャバドレス スパンコール ビジュー フリンジ ロングドレス,5000,https://item.fril.jp/f66b63f33611da164b29ce99950d9846
564,,564 SHEIN シーイン 総クロシェレースドレス キャバドレス スリット,3000,https://item.fril.jp/12945baaf88098ed4634bdb706e1a1de
566,,566 キャバクラ ドレス オフショルダーロングドレス ワンピース,2500,https://item.fril.jp/9e3198a4f066a9dd577452f722e9dbff
568,,568 DIANE von FURSTENBERG,11000,https://item.fril.jp/08b3d04bf88c8d14cd60751fd0b5dd52
570,,570 LAUREN RALPH LAUREN ラルフローレン ロングドレス,9000,https://item.fril.jp/349ea5fe68e21e9c4a60407a814d4196
574,,574 dazzy storeデイジーストア キャバドレス レース リボン,5000,https://item.fril.jp/207890db068b7ce65f5e1b0554ad9b5a
575,,575 MILLY ミリー ニットドレス キャバドレス ワンピース タイト,4000,https://item.fril.jp/6cd176a77710b4f318348f52c3219a21
576,,576 dazzy store デイジーストア キャバドレス レース リボン,2000,https://item.fril.jp/9f233c6276400697bd690f02f0e88189
577,,577 Love Rich ラブリッチ キャバドレス ゴールド刺繍 花柄,10000,https://item.fril.jp/b78e72b3d5461d06581dd8fe4b3d68c4
578,,578 LEGERBABE キャバドレス ニット アミアミ サイドシースルー,6000,https://item.fril.jp/c93032ae4026f6c5e2221ea3c7d0f009
580,,580 Tika holic ティカホリック キャバドレス レース フリル,4000,https://item.fril.jp/184f1b3cdaa3012e3e2054861da7fb73
581,,581 dazzy lounge デイジーラウンジ キャバドレス ワッフル素材,3000,https://item.fril.jp/02c1a71ef82f0b51cd981c49715df388
583,,583 ほぼ未使用 dazzy lounge デイジーラウンジ キャバドレス,3500,https://item.fril.jp/3007bfb460241de9de5048a132c34729
584,,584 DaTuRa ダチュラ 花柄ワンピース キャバドレス ノースリーブ,2000,https://item.fril.jp/dc6374ee4dbef6a0d8078a99a9e20365
585,,585 大きいサイズ Pour Vous プールヴー 総レースワンピース,3000,https://item.fril.jp/27c934257ad6d334f2919fb6bc73a858
586,,586 新品タグ付き 大きいサイズ CUI YING フォーマルドレス,3000,https://item.fril.jp/4701388f00408243962ef8ff4fd7b1da
589,,589 ONLY ONE オンリーワン キャバドレス チュール スパンコール,9000,https://item.fril.jp/d46586ffad316c53a76443d653c3d460
590,,590 BayBClub ベイビークラブ キャバロングドレス レース ストーン,7000,https://item.fril.jp/0b568f07606f0bdf621ee1252bfc08a0
591,,591 BayBClub ベイビークラブ キャバドレス ホルターネック リボン,8000,https://item.fril.jp/113718d6add051e1501a1aafb8d24504
592,,592 K2 キャバドレス 総レース キャミドレス ウエストリボン ナイトドレス,5000,https://item.fril.jp/8b693a115081487068d157ef9d13b8f0
593,,593 ROBE de FLEURS Glossy ローブドフルール,9000,https://item.fril.jp/f66bcac519633e1c498eb2d5bc109cd3
594,,594 dazzy store デイジーストア キャバドレス スパンコール,4500,https://item.fril.jp/cc293ac542e9f5a6c75a7acdfa312ef8
595,,595 dazzy queen デイジークイーン キャバロングドレス,6000,https://item.fril.jp/d04eb6a86d662d86c956d80c7a911302
597,,597 dazzy queen デイジークイーン キャバドレス,7000,https://item.fril.jp/a7d6fd46b92f3eb7aa9d85c3b560c718
598,,598 YI MEI REN チャイナ風 レース 花柄 キャバドレス タイト,2000,https://item.fril.jp/7479b6a76075efa6e026e0bde2511829
599,,599 R.L.O BY MILKY WAY キャバドレス シフォン,2000,https://item.fril.jp/be868b41b6d4646dfc9569fb4dd04fb9
600,,600 dazzy lounge デイジーラウンジ キャバドレス オフショル,2000,https://item.fril.jp/e1996a2c8ce9d6a1b42253bef8dd6fec
601,,601 SHEIN シーイン ドットシースルーワンピース ストレッチ Lサイズ,1500,https://item.fril.jp/03295017f56ed1153a1aeefe5db8fa11
602,,602 BayBClub ベイビークラブ キャバロングドレス ホルターネック,9000,https://item.fril.jp/25b86635926da44c6d734cba710705b9
606,,606 La vita Rosea キャバドレス ドット フリル レーヨン,4000,https://item.fril.jp/ef21868210a1bb0c121014be79b8f302
607,,607 大きいサイズ SOBRE ソブレ キャバドレス ドット レース,7000,https://item.fril.jp/dd7bb5a36c9320b8e3b933706a1c8210
608,,608 新品タグ付き レース切り替えドレス キャバドレス フレア ストレッチ,3000,https://item.fril.jp/f8d0ec5d71de03de523a0a2b1e880a56
609,,609 新品タグ付き dazzy store デイジーストア キャバドレス,6000,https://item.fril.jp/81deaa383a621b3b309761ec218b4b5f
610,,610 新品タグ付き Ryuyu リューユ キャバドレス オフショル タイト,6000,https://item.fril.jp/d6b53eeff8622f64d78184ccac629111
612,,612 Lounge style by dazzy デイジー キャバドレス,3000,https://item.fril.jp/16bd125c7e15a2291541e9abff26ca55
613,,613 Ryuyu Chick リューユ キャバドレス シースルー,4000,https://item.fril.jp/6128714dd04110ab78e01d653c02f42f
614,,614 Ryuyu Chick リューユ キャバドレス オフショル フリル,3000,https://item.fril.jp/2cb04fc879a63e3b1c050ba8366d36e4
616,,616 honey drop キャバドレス ノースリーブ シースルー タイト,1500,https://item.fril.jp/048e8c8fb4fda946da50c5d28fabee00
617,,617 ドット柄シフォンワンピース キャバドレス フレア Mサイズ シンプル,3000,https://item.fril.jp/ec06a26e9ad4267232c0abedd73ae0ab
618,,618 タグ付き シフォンフリルワンピース ひざ丈 Mサイズ ナイトドレス,1500,https://item.fril.jp/46d4f8f8b2e308bb72e32798b12904a2
619,,619 ペイズリー柄ノースリーブワンピース ナイトドレス ウエストリボン,1500,https://item.fril.jp/5f3d67c248f1ad650a58232ab0a3b6e2
620,,620 Julia ボーダーチューブトップワンピース キャバドレス フリル,1500,https://item.fril.jp/185c77384cefd3b0f27347599aebfc62
621,,621 Andy アンディ キャバドレス ドット フリル Mサイズ リボン,7000,https://item.fril.jp/1a25ec0109e7d076045cc736a3091fd8
622,,622 PAOLA FRANI パオラ フラーニ キャバドレス レース タイト,7000,https://item.fril.jp/fff6d2ba425529299d86c80f275f690b
623,,623 PAOLA FRANI パオラ フラーニ イタリア製 キャバドレス,6000,https://item.fril.jp/0087671d0784d19dc7e54b300c0a2630
624,,624 FLY GIRL フライガール イタリア製 キャバドレス 花柄 レース,9000,https://item.fril.jp/359102c42fdc7c226842fb2d82815fa9
625,,625 M イタリア製 キャバドレス 花柄 シフォン フリル リボン,5000,https://item.fril.jp/387de32437fbaad92cb6c664ea4cc257
626,,626 RINASCIMENTO リナシメント イタリア製 キャバドレス,5000,https://item.fril.jp/83bd8e63d057755db054d000df136305
628,,628 sea シー アメリカ製 ワンショルダードレス キャバドレス ０サイズ,8000,https://item.fril.jp/b132fb2bf1b1c4e17b2f708baab34d55
629,,629 ANGELA DAYS アンジェラデイズ イタリア製,6000,https://item.fril.jp/a71a2b0d82a16c3bd5d505feea8fc7a9
630,,630 DIANE von FURSTENBERG,5000,https://item.fril.jp/368bb0f72c735e22027a74ce71f6a4c5
631,,631 blugirl ブルーガール イタリア製 キャバドレス ノースリーブ,8000,https://item.fril.jp/520c8b3f6b14db599104a88504428e26
632,,632 ABS アレンシュワルツ USA製 キャバドレス 総レース バイカラー,7000,https://item.fril.jp/9e3560033eba4ee540146434a84aea98
633,,633 DSQUARED2 ディースクエアード イタリア製 キャバドレス,12000,https://item.fril.jp/37b85fbc6e7c3431f2562155433bd7da
634,,634 blugirl ブルーガール イタリア製 キャバドレス 花柄ドレス,5000,https://item.fril.jp/22d17f52c1cf1cdf32881b1beff0cf8f
635,,635 BCBG MAXAZRIA ビーシービージーマックスアズリア,6000,https://item.fril.jp/02c8fee5b43eb65ca8136e5aa5d95955
636,,636 ESSENTIEL ANTWERP エッセンシャルアントワープ,8000,https://item.fril.jp/4212152ef0a1cefd3be912fd33f66ea0
638,,638 IRMA イルマ キャバロングドレス グラデーション スパンコール,12000,https://item.fril.jp/10f5dce0310845de6563b72f1ec59c5d
639,,639 Tiara ティアラ キャバドレス ペプラム シースルー ミディ丈,5000,https://item.fril.jp/b0bfd52deb528fedd020672fa02af802
640,,640 Dazy SHEIN シーイン ラメロングドレス 深スリット,3000,https://item.fril.jp/853abc44d7a7ef07fad3c3369e9947ee
642,,642 SHEIN シーイン ギャザードレス キャバドレス スリット,1500,https://item.fril.jp/def823fac3784fa0b114427e5e5cfc1e
643,,643 Tika ティカ キャバロングドレス パール 刺繍 フェザー Sサイズ,20000,https://item.fril.jp/12412eaacd7276cc9b68344fc1ad4854
646,,646 INPERIAL インペリアル キャバドレス ビジュー ストーン,4000,https://item.fril.jp/f0a9089a9e3a3f2e3baff798977f1175
647,,647 dazzy デイジー キャバドレス ストーン パール ノースリーブ,4000,https://item.fril.jp/7a383445aa9a96cda042af4f2825f4aa
650,,650 ROBE de FLEURS Glossy ローブドフルールグロッシー,7000,https://item.fril.jp/26089fe2fe9642d6424407623c6adef6
651,,651 ROBE de FLEURS Glossy キャバドレス,7000,https://item.fril.jp/11584bb6f77ba15938a7f45ee1fb4ad2
653,,653 Aveniretoile アベニールエトワール キャバドレス フレア,6000,https://item.fril.jp/9541aa1efe4f2f05da73dc1995dea7d3
654,,654 Tika ティカ キャバドレス 総レース タイト S ミディ,6000,https://item.fril.jp/c1b36a7ccff8c67b9991ffeb5cc3134c
655,,655 Aveniretoile アベニールエトワール ウール キャバドレス,6000,https://item.fril.jp/260d8a98d24776fa4954120dbb6259fc
657,,657 ROBE de FLEURS ローブドフルール キャバドレス,4000,https://item.fril.jp/7709d309d8ce7b116161f9d40ef40cbc
658,,658 YIEELACOO キャバドレス ラメツイードドレス スパンコール,7000,https://item.fril.jp/66d6a84e62ce6f4676f2ce1804262883
659,,659 TRINITY トリニティー キャバドレス レース タイト ミディ XS,8000,https://item.fril.jp/987000364a24e8130754b496681a492b
660,,660 Veautt Angel R キャバドレス ホルターネック タイト,8000,https://item.fril.jp/c5c2961cdaaaa1fed3b87833a8a35433
661,,661 TRINITY トリニティ キャバドレス ドット ホルターネック,2500,https://item.fril.jp/e3982c0fe253ee025fda66d7956f6462
663,,663 Vanessa Heart ヴァネッサハート キャバドレス 総レース,10000,https://item.fril.jp/b49224b42f97bacb8ef0a372573b41c3
664,,664 RINASCIMENTO リナシメント キャバドレス スリット,4000,https://item.fril.jp/a5eea4ec12f6f834016b83f8564e6eb3
665,,665 LIPSY リプシー キャバドレス シフォン レース ワンショルダー,7000,https://item.fril.jp/31c75185dad040c570108be76e1e7e5b
667,,667 TRINITY トリニティ キャバドレス Vネック 総柄 千鳥柄,9000,https://item.fril.jp/4ee6a3b7cecfbcc7e7529b0c62c3a09d
670,,670 TRINITY トリニティ キャバドレス バイカラー オフショル,6000,https://item.fril.jp/77928eead00d0fe735881230ea37d4f2
671,,671 TRINITY トリニティ キャバドレス バイカラー ノースリーブ,6000,https://item.fril.jp/9a108abbcc49743aa89793576ee8c9aa
672,,672 Andy アンディ キャバドレス ワンショルダー スタッズ,7000,https://item.fril.jp/fa8e7b57e543484dbc24fc6f85d78071
676,,676 RINASCIMENTO リナシメント キャバドレス エンボスロゴ,11000,https://item.fril.jp/5c44fa56b36789470fc15590568ca137
678,,678 RINASCIMENTO リナシメント キャバドレス フリル スリット,7000,https://item.fril.jp/b752a7c67e1150b92028063301e90f8c
679,,679 Andy アンディ キャバドレス 総レース マーメイド リボン S,7000,https://item.fril.jp/2ff450a9160e71cbb3a2eb27230f6f21
682,,682 RINASCIMENTO リナシメント キャバドレス シースルー,4000,https://item.fril.jp/e576fbdf1b0f94ef46dd4dd613476e76
685,,685 RINASCIMENTO リナシメント キャバドレス スクエアネック,7000,https://item.fril.jp/fc35bd25e1e0351fc5a3e3ec3c5e7b4c
686,,686 DENNY ROSE デニーローズ キャバドレス タイト,11000,https://item.fril.jp/af2442fb333fe453ef9214beed620369
687,,687 RINASCIMENTO リナシメント キャバロングドレス キャミ,7000,https://item.fril.jp/04e06c9589b78cbdc0069cc47b590dcb
690,,690 SZ シンゾーン キャバドレス 総レース クロシェ タイト M,6000,https://item.fril.jp/cfba49e6207958263307db84d4568c97
692,,692 CherryKeKe キャバドレス ドット フリル ノースリーブ S,2000,https://item.fril.jp/3de9f47cc1ad95072262ad618a558913
693,,693 dazzy store デイジーストア キャバドレス フロントカット,3500,https://item.fril.jp/6669dd2d8563b5e6764723a659b425cd
694,,694 Vanity ME バニティーミー キャバドレス ウエストカット,6000,https://item.fril.jp/2bfa556d2ad8363bac62f313b8148885
695,,695 キャバドレス キャミ タイト スリット シンプル XS,2000,https://item.fril.jp/73656bdf0efc5b1c7d59175d35e858f7
696,,696キャバドレス キャミ タイト スリット ナイトドレス シンプル 無地 XS,2000,https://item.fril.jp/2e7f185aa605970a2e8e56f87a96a085
688,,688 Tika ティカ キャバドレス 総レース ストーン ビジュー タイト,6000,https://item.fril.jp/2d7e6175374918eba4e68d48ea4b456e
704,,704 LEXXY キャバドレス 日本製 シンプル ミディ M スリット,4000,https://item.fril.jp/e8a721205fb2bb5219e5804e138b3394
705,,705 DSQUARED2 ディースクエアード タイトドレス キャバドレス,10000,https://item.fril.jp/6590933382b1acd0cf1ffd1f8565eba1
706,,706 DURAS デュラス チューブトップドレス レース シフォン,8000,https://item.fril.jp/81f7f3165ff09373bcf9afa23cb90041
707,,707 Duras Ambient デュラスアンビエント チューブトップドレス,8000,https://item.fril.jp/ee225dd22a8a70aaa69d9c57fdbfbce2
711,,711 MIGRATORY BIRDS キャバドレス 総クロシェレース ミディ,4000,https://item.fril.jp/fcbaa2b15462b7a3e321a65801dbe6b4
712,,712 フラワークロシェレース キャバドレス スリット S ナイトドレス,4000,https://item.fril.jp/fb3062136ed6c033099dc726a0a7ff6c
713,,713 an アン キャバドレス マーメイド フリル チェック ビジュー,6000,https://item.fril.jp/69240d3648f711b5b7251aa8f82691bb
716,,716 Vanity ME バニティーミー キャバドレス ストーン シンプル,4000,https://item.fril.jp/8ab79b4c49087f37706541acd8dda1be
717,,717 And xi キャバドレス ツイード ゴールドボタン ミニ タイト,9000,https://item.fril.jp/53a8f019954ff627aeec2d722638266c
718,,718 DEA by ROBE de FLEURS クロシェレース シフォン,12000,https://item.fril.jp/f8933203df5b7e30431498acfdfc85ec
721,,721 DEA by ROBE de FLEURS ディアバイローブドフルール,9000,https://item.fril.jp/6886c6f8f657fd706b083331a514206c
725,,725 BayBClub ベイビークラブ キャバドレス 花柄刺繍,2000,https://item.fril.jp/2fd8b339bab902de01137d1f84d4e959
726,,726 an アン キャバドレス ツイードラメ フリンジ タイト ミニ M,6000,https://item.fril.jp/614d29483e1edbcf90a1e795c5fd5d92
729,,729 Tika ティカ キャバドレス 総レース サイドシースルー S,4000,https://item.fril.jp/ffb269c408f933c92a43108fa21a30cb
730,,730 ツイードラメノースリーブドレス キャバドレス パールボタン ゴールド S,2000,https://item.fril.jp/c74feaddc3532e82eb4e35ae1e680cfa
733,,733 evelyn キャバドレス チェック ツイードラメ フリル,1500,https://item.fril.jp/39cbc97db05a119d64f64c199dc967ba
736,,736 JEWELS ジュエルズ キャバドレス ツイードチェック フリンジ,5000,https://item.fril.jp/38ef5b824c99a332a6ac8187895f3b6d
737,,737 Tika ティカ キャバドレス オフショル フリル バイカラー M,3000,https://item.fril.jp/fffcfd0cc985d216aa4d7d3c3941937c
738,,738 BayBClub ベイビークラブ キャバドレス フレア レース,3500,https://item.fril.jp/6d3e29fd526e1c5e03e634121f1e835a
739,,739 dazzy store デイジーストア キャバドレス レース リボン,3000,https://item.fril.jp/4ea144b2d5c5fcd367105bcb3730bd83
745,,745 dazzy store デイジーストア キャバロングドレス スリット,6000,https://item.fril.jp/a1d455e192b02fc96a650cc4ede30dd6
747,,747 Tika ティカ キャバドレス 総レース リボン タイト ミニ S,3000,https://item.fril.jp/eb1179c43eae7c0a7194534e04a72f0c
746,,746 dazzy store デイジーストア キャバドレス ニット,3000,https://item.fril.jp/563c20f0015fc7d42c19bdd49cfa171c
749,,749 クリスマス柄ドレス ファー 大きいサイズ キャミソール 総柄 ミディ,1500,https://item.fril.jp/e8195fffdc656520fafc96f8a1812fba
751,,751 ワンショルダードレス リボン タイト ミニ M,1500,https://item.fril.jp/ba96feb929833796e584219f520d3c57
753,,753 GRAXIA キャバドレス バイカラー ノースリーブ ギャザー タイト,2500,https://item.fril.jp/2830fd2221448d64b3af2233f9cd3e0a
754,,754 Tongse スパンコールミニドレス キャバドレス 方リボン,2500,https://item.fril.jp/ce76b68049fc66671ba864747e747120
755,,755 フリルワンピース ウエストゴム フレアドレス Vネック 膝丈,1500,https://item.fril.jp/880dde1a99b46914a38efed82ae02ea5
756,,756 GLERA sugar キャバドレス タイト スリット シンプル S,3500,https://item.fril.jp/0354703d40eec9a2c0e97ce2457349a1
758,,758 han queen キャバドレス マーメイド オフショル ロング,1500,https://item.fril.jp/f0c6428ebf42ac226657bb4236ba1457
761,,761 sugar nine ベロアウサ耳セットアップ ファー S ミニ,3000,https://item.fril.jp/d52274012e717737040b96078ea3502f
760,,760 CREAM サンタワンピース クリスマス イベント ファー キャバドレス,3000,https://item.fril.jp/49933a4194fafcfb027fce1523178606
762,,762 sugar nine サンタセットアップ ベロア ファー ミニ タイト,3000,https://item.fril.jp/ccaf9ab384a5df0016d91da548f38bfa
764,,764 Vitoir ラメニットドレス キャバドレス タイト ミディ,1500,https://item.fril.jp/2531cf8dc9547b71dc17836b9768b3c7
769,,769 Tiara ティアラ キャバドレス ワンショルダー ゴールド金具,4000,https://item.fril.jp/950a01bf9793eeeafb0a03f10725b8f4
770,,770 dazzy store デイジーストア キャバドレス レース フリル,3000,https://item.fril.jp/3a8bd390dd2b94974e733cb3e8e8112f
766,,766 Vanity ME バニティミー サンタ コスプレ ファー キャバ,3000,https://item.fril.jp/bfc4c002f1f2ccc470758a047b5c96b4
771,,771 新品 Tika ティカ アシンメトリーロングドレス キャバドレス,5000,https://item.fril.jp/3bb921d8710ab98f51f1296c8decd795
772,,772 Jearly キャバドレス 総レース ストーン パール ビーズ タイト,5000,https://item.fril.jp/202d9815dcac0048657a8e480deb01d5
773,,773 Tika ティカ 総レース リボン タイト ミニ XL,3000,https://item.fril.jp/c2548a0222cf246dde3c7ccfee82d3c9
774,,774 DAZZY デイジー キャバドレス チェック柄 リボン シースルー,3000,https://item.fril.jp/310b86c1f153b1b89df1da72196d15d3
775,,775 新品 MONOOLO キャバロングドレス サイドレース シースルー S,8000,https://item.fril.jp/151f273c8b081fee123c76047e6ee2f7
778,,778 dazzy store デイジーストア キャバドレス,3000,https://item.fril.jp/474a8002ad43627ef08b3cbb05773b79
783,,783 総柄 アメスリロング シフォンワンピース リボン S,1500,https://item.fril.jp/1268e9817ae59cdf5a18259318d589c7
786,,786 Randy キャバドレス ニット 千鳥柄 タイト フレア,3000,https://item.fril.jp/ec2ead103f5001e89ac44ced7c3c8296
787,,787 dazzy store デイジーストア キャバドレス 総レース キャミ,2000,https://item.fril.jp/ac124ef0b4508c0497d94f5de02af370
791,,791 キャバドレス 総レース ノースリーブ タイト ミディ M,2000,https://item.fril.jp/8a92853238d18a2f088132253e1c848d
792,,792 Tika ティカ キャバドレス ワンショルダー レース パール フリル,4000,https://item.fril.jp/a467038782414eb819e06f25a7ef9a87
793,,793 dazzy store デイジーストア キャバドレス レース フリル,3000,https://item.fril.jp/decf98f314c8061cb586a671f3c1e8c1
794,,794 Angel R エンジェルアール キャバドレス バックシースルー,5000,https://item.fril.jp/a6236e8ad2354d1be2984c0b6701e165
798,,798 AN アン キャバドレス 襟付きノースリーブ パールボタン タイト S,7000,https://item.fril.jp/357c7813ac4ea6541f5c4ed73fb8e3a1
804,,804 GINZA COUTURE ギンザクチュール キャバドレス,9000,https://item.fril.jp/f98a422e552cc8881438cd26875cb9ff
808,,808 キャバドレス タイト ミディ キャミ スリット XS,4000,https://item.fril.jp/acd5ae24e014727ba0870183a744e6de
809,,809 GRAXIA キャバドレス セットアップ ニット ストーン キャミ,4000,https://item.fril.jp/69c4295b06f7af767eb9c629c3f7eea7
810,,810 総クロシェレース キャバドレス ワンショルダー タイト ミディ S,4000,https://item.fril.jp/f9c78968de45ad36d40b4020ad7fe4fc
812,,812 キャバドレス ワンショルダー スリット タイト ミディ XS,1500,https://item.fril.jp/9a194f1e662496246d67ed7f25119f3a
813,,813 キャバドレス ワンショルダー タイト ミディ スリット XS,2000,https://item.fril.jp/97e40710c100703d3389bb6c8d950f19
814,,814 VESPER ヴェスパー キャバドレス ラメ ミニ タイト ストレッチ,5000,https://item.fril.jp/7ecf176385e49f68b2e532bffac6c843
815,,815 キャバドレス ベロア バッククロス タイト リボン スリット,1500,https://item.fril.jp/42f991b31e33248985fb61d6e5ee791b
816,,816 キャバドレス ワンショルダー タイト スリット ストレッチ S,2000,https://item.fril.jp/4a2c448409a0dede4c4dff317244e683
818,,818 LIPSY リプシー キャバドレス タイト オフショル バイカラー,5000,https://item.fril.jp/fcbe699d612fa423634e602755d2da00
820,,820 WIWALORNA ワイワロワーナ キャバドレス 総レース オフショル,3000,https://item.fril.jp/3caf2074b599bd8e7973295a6d8456d0
821,,821 Tiara ティアラ キャバドレス レース キャミ タイト ミディ M,4000,https://item.fril.jp/d8c3a35a9cb150652c9265e8c19ca061
822,,822 Monaco モナコ キャバドレス フリル ストレッチ タイト ミディ,3000,https://item.fril.jp/0e254e3b29e259af88d50e03542645cf
823,,823 キャバドレス 袖フリル ミニ シンプル 無地 コットン,4000,https://item.fril.jp/f12a0b429f6d26fe912559b8000344d8
824,,824 DURAS ambient デュラスアンビエント キャバドレス,5000,https://item.fril.jp/a8c2e0f4daff62e3dd56455465cf8543
828,,828 キャバドレス レース スリット タイト ミディ S,4000,https://item.fril.jp/8743a6891c021a032aa499cb37eaa946
829,,829 キャバドレス シースルー 袖リボン タイト ミディ M,3000,https://item.fril.jp/3a0623ef58b10eb8052319e99ff064ca
830,,830 FEIMAN フェイマン キャバドレス レース クロス タイト ミディ,5000,https://item.fril.jp/1b2ed44ad60f098e7487c8e60b3f8301
831,,831 sunny サニー キャバドレス レース シースルー スリット M,4000,https://item.fril.jp/677993052bdedd2d2f2bf2219de6f4d0
832,,832 Zenith キャバドレス 刺繍 フリンジ タイト ミディ ストレッチ,6000,https://item.fril.jp/60aa15cc9ee28370e23f97b94e3d43e6
835,,835 DENNY ROSE デニーローズ キャバドレス チューブトップ,5000,https://item.fril.jp/c396984ef8cab20391b4eee70bccff46
433,,433 han queen キャミドレス クロシェ総レース タイト ミディ,4000,https://item.fril.jp/4a070e7befa8d60ff9b0d00992430dc9
837,,837 Vanity ME. バニティーミー キャバドレス チェーンストラップ,1500,https://item.fril.jp/f2317d654a51dee6f4ebe6bb485dac26
838,,838 キャバドレス セットアップドレス ツイード ノースリーブ ミニ S,4000,https://item.fril.jp/3a5a33534b932c01d03820a40ea303c5
839,,839 dazzy デイジー キャバドレス セットアップ クロシェ総レース S,2000,https://item.fril.jp/4442921056d358e38afa1f0c7aab81c9
841,,841 Ryuyuyu リューユ キャバドレス ギャザー タイト ミニ S,3000,https://item.fril.jp/ad3ad7c8164055fc97e5978ec3ac1b31
842,,842 Ryuyu リューユ キャバドレス 総レース タイト ミニ S,1500,https://item.fril.jp/77051dd3f4a510c0f612475f9e36e2cb
843,,843 Tika ティカ キャバドレス レース ギャザー S,4000,https://item.fril.jp/4595d95469828a293cd6f8cf2acbad48
844,,844 Tika ティカ キャバドレス レース タイト ミディ S,5000,https://item.fril.jp/a589d8db6ba449728b1412b4696c9dcc
845,,845 SYMPHONY キャバドレス 刺繍 ストレッチ ワッフル,5000,https://item.fril.jp/57024b4fce8a41a5ef7521d442cf6db0
846,,846 ZARA ザラ 半袖ドレス スリット ミディ ストレッチ シンプル,4000,https://item.fril.jp/99c5632fd09b8f98a9af7fb91816ac29
848,,848 Tika ティカ キャバドレス 総レース タイト ストーン ミディ M,4000,https://item.fril.jp/f0ad7f5303e099cd8634eaa779e35ede
849,,849 Belsia ベルシア キャバドレス ストーン パール リボン,3000,https://item.fril.jp/64a8842d5cb3931df48d71044805beec
850,,850 LA SCALA USA製 キャバドレス 総レース スパンコール,3000,https://item.fril.jp/ea46bb468371bc559d6065b3fe97a96a
851,,851 La MODE キャバドレス 総レース タイト ミディ 4サイズ,4000,https://item.fril.jp/6e83fe097010bff8b6d3ed2cf7e878c1
852,,852 dazzy store デイジーストア パンツドレス オールインワン,5000,https://item.fril.jp/252d0c993876a94c7a056a88dd824a1c
853,,853 dazzy store デイジーストア パンツドレス オールインワン,6000,https://item.fril.jp/aa907de54d2d0217168422788f7a8491
854,,854 aimer anche パンツドレス オールインワン 袖レース M,3000,https://item.fril.jp/c079ba022fbe0bc74a54090cbfc7dc7a
861,,861 cherrykeke キャバドレス ギンガムチェック オフショル,1500,https://item.fril.jp/0fd9199e8d8ad94c8cef7e78fa068e93
862,,862 GRAXIA キャバドレス 総レース タイト シースルー S,3000,https://item.fril.jp/07915925aea0a479d4f6241b1cb77bd0
869,,869 dazzy デイジー キャバドレス ストーン 刺繍 レース タイト,3000,https://item.fril.jp/d4f717ad76c77496de8a8c92707eb716
396,,396 dazzy queen デイジー キャバドレス パール ストーン,1500,https://item.fril.jp/b56566f2f2a8c2e1ae8694782d33e583
872,,872 JEWELS ジュエルズ キャバドレス レース シースルー タイト,4000,https://item.fril.jp/873349cad0f6e16acf86e57a263c4716
875,,875 ERUKEI エルケイ キャバドレス ツイード ビジューボタン サイズ0,3500,https://item.fril.jp/cf6f5087d6bc7f8413489e72a9d88d33
877,,877 YES'S キャバドレス ギャザー キャミ タイト スリット レース S,7000,https://item.fril.jp/a820941435a06d87fdda8579d827268d
878,,878 I.N キャバドレス スパンコール ベロア リボン タイト ミニ S,4000,https://item.fril.jp/ce4812451905a46febd824e388af4632
879,,879 キャバドレス チューブトップドレス モノクロ フロントリボン S,1500,https://item.fril.jp/eb09c756dc0fe10a437745170e5a17f7
880,,880 FIFILLES paris フィフィーユ キャバドレス ジップ,3000,https://item.fril.jp/51502ceb3bff04a1846c21694f42a21b
881,,881 PEARL キャバドレス アニマル柄 タイト ミディ スリット,4000,https://item.fril.jp/c725622335aa7ef8f430a747f841a9c5
882,,882 FIFILLES paris フィフィーユ キャバドレス 総柄 ネオン,3000,https://item.fril.jp/d809a85ed76dc2742d249acec987d62e
883,,883 ambient アンビエント キャバドレス 総レース ボートネック,4000,https://item.fril.jp/1e4fb633fa8be94da95e8a6e69ef501f
886,,886 キャバドレス 総スパンコール Vネック タイト ミニ ギャザー,3000,https://item.fril.jp/5714db0b13019b69332d7e44801168ad
890,,890 ambient アンビエント キャバドレス 総レース タイト,4000,https://item.fril.jp/fac34ef4682aeba2ab8d297339cd51d8
892,,892 RINASIMENTO リナシメント キャバドレス サイドレースアップ,8000,https://item.fril.jp/01429fa287b20e71b4aaea371feff674
894,,894 Tiara ティアラ キャバドレス キャミ タイト ミディ M,5000,https://item.fril.jp/86fc2c92198c2193f304303c21e3c6e7
895,,895 キャバドレス ニットドレス タイト ミディ バイカラー ノースリーブ,2500,https://item.fril.jp/6513590144f1dedaf62fe30ce2e4d5c9
897,,897 Tiara キャバクラ ドレス キャバドレス 刺繍 総柄 キャミ ミニ,8000,https://item.fril.jp/3c7392632b3da6173d0602836a6ee580
900,,900 Eau Souage キャバクラ ドレス キャバドレス 刺繍 ラメ,6000,https://item.fril.jp/b3d3fe8c4a617cb527003ce74df271aa
904,,904 キャバクラ ドレス フリルキャミワンピース キャバドレス ラメ XS,1500,https://item.fril.jp/1c64c6a6a57426b876a8590ee93595b1
905,,905 キャバクラ ドレス ラメフリルキャミワンピース XS,1500,https://item.fril.jp/01ff01fcfec4a92510096d86a16b6b79
907,,907 キャバクラ ドレス Vanessa Heart ヴァネッサハート,6000,https://item.fril.jp/07863f3a22fd6eca9f884faa39b03f73
908,,908 キャバクラ ドレス GINZA COUTURE ERUKEI,5000,https://item.fril.jp/869d6d66d78ab18746a389dad450f158
909,,909 TRINITY トリニティ キャバクラ ドレス レース タイト ミディ,4000,https://item.fril.jp/bdef0366831fd80b406f93ccc8e08f14
910,,910 キャバクラ ドレス TOPSHOP トップショップ,2000,https://item.fril.jp/2104ef6e5864250ba42daa1c7b3ed55f
912,,912 キャバクラ ドレス ラメ キャミロングドレス キラキラ タイト,2000,https://item.fril.jp/398ef8f4822cb7be5bd599798db85059
914,,914 GRACE グレース キャバクラ ドレス キャミドレス シースルー,4000,https://item.fril.jp/0306f5f560effb49f05a325781fa7f27
916,,916 SADYCE キャバクラ ワンショルダーロングドレス スリット タイト,8000,https://item.fril.jp/5279b42f72e7c0a468823709e1c97bd5
917,,917 GZM キャバクラ ドレス オフショル パール キラキラ ストーン,4000,https://item.fril.jp/f29cb23bcc482dd6f754bd593fcdaa61
921,,921 キャバクラ ドレス ハイネック ノースリーブドレス バイカラー,1000,https://item.fril.jp/9c51a829c21618b613d21bb0230eb2c1
920,,920 キャバクラ ドレス シースルー オフショルドレス キラキラ タイト,1000,https://item.fril.jp/a04472a2de5b563672eaf3810d79e9b0
922,,922 キャバクラ ドレス シースルー タイト レース ミニ 刺繍,3000,https://item.fril.jp/23b2edbd7b0a88681d7b588d945e35e6
919,,919 Tika ティカ キャバクラ ドレス キャミ オフショル タイト,3000,https://item.fril.jp/31d09b37d36482e197276502cbefa94e
924,,924 キャバクラ ドレス チューブトップドレス バイカラー フロントリボン,1000,https://item.fril.jp/d851bc32e7911c620252e987f2254a0d
925,,925 dazzy store デイジーストア キャバクラ ドレス,2500,https://item.fril.jp/a08ea4febf89c71faad98aea34191e3f
927,,927 Tika ティカ キャバクラ ドレス レース ノースリーブ,3000,https://item.fril.jp/f4c304d70d6f221611a1360683572d5c
928,,928 ERUKEI エルケイ キャバクラ ドレス シースルー ドット 刺繍,5000,https://item.fril.jp/0f7de3e75352d661f074221fc2a22ee1
931,,931 JEWELS ジュエルズ キャバクラ ドレス シースルードレス ベルト,4000,https://item.fril.jp/ba2696a0aa62739ad3616b168047559d
932,,932 キャバクラ ドレス ホルターネック ストレッチ ギャザー,1000,https://item.fril.jp/0cdb210dacb0f747bd56e416386e3d06
933,,933 RESEXXY リゼクシー キャバクラ ドレス,3000,https://item.fril.jp/9fcb208ee604bab5ce5cefc9f2ad627d
938,,938 Tika ティカ キャバクラ ドレス ドットシースルー タイト,1500,https://item.fril.jp/117affd6a58871084dde226be8b62740
941,,941 キャバクラ ドレス シフォン フリル 肩出し ストーン リボン,1000,https://item.fril.jp/9c2419d5a2d32fba5c0228745fa01211
945,,945 H&M キャバクラ ドレス ベルベット ベロア ワンピース ミニ,2000,https://item.fril.jp/17f0fac2441c50890cfaf82681b36fbd
949,,949 dazzy store デイジーストア キャバクラ ドレス スカーフ,3000,https://item.fril.jp/563a105b92d013016b49781d0eee4735
953,,953 dazzy queen デイジークイーン キャバクラ ドレス 花柄,3000,https://item.fril.jp/7a6ad021d44e6d993f8fa17af8f10c60
954,,954 Red blue レッドブルー キャバクラ ドレス レース キャバドレス,6000,https://item.fril.jp/c21a6cb57423d7cf4db9550077c2a4d8
955,,955 Tiara ティアラ キャバクラ ドレス 総レース タイト ミディ,6000,https://item.fril.jp/28566ddd2867c0a02f7defefc24ea092
956,,956 ROBE de FLEURS Glossy ローブドフルール,8000,https://item.fril.jp/5f7b67b1975e8b98715cca07ea388f38
957,,957 Tiara ティアラ キャバクラ ドレス ホルターネック ギャザー,5000,https://item.fril.jp/97ca313438b020dbc520cbb682d4ad7a
958,,958 tccx キャバクラ ドレス ホルターネック ロングドレス サテン,5000,https://item.fril.jp/9fdba5dd5d649c1dcde66696dd8a1f4b
959,,959 JEWELS ジュエルズ キャバクラ ドレス レース ギャザー タイト,3000,https://item.fril.jp/296027ab5e37c039a879360d93ee31c9
961,,961 Tika ティカ キャバクラ ドレス レース Vネック フレア,3000,https://item.fril.jp/3ecdeb4d701a4c7aceb2ff799bae7a36
963,,963 han queen キャバクラ ドレス 総レース ミディ M,3000,https://item.fril.jp/648c442c14dd53baa2032b34211d2fef
960,,960 JEWELS ジュエルズ キャバクラ ドレス レース タイト,4000,https://item.fril.jp/b816d1fd1c00b41ffdf0527bf3f766b4
965,,965 N.FRAME キャバクラ ドレス ジャケット風ワンピース,5000,https://item.fril.jp/8bf71dac01858de05515342e3e077d4f
966,,966 JEAN MACLEAN キャバクラ ドレス ロングドレス オフショル,8500,https://item.fril.jp/27ed335164509fb169dbbf67dbd737a3
967,,967 ERUKEI エルケイ キャバクラ ドレス フラワー 花柄 タイト,4000,https://item.fril.jp/c3c27538d7dc9da25affbf5bb1a89c79
975,,975 ERUKEI エルケイ キャバクラ ドレス 総レース ノースリーブ,11000,https://item.fril.jp/3297dd8e893b78613a865dde443e536c
980,,980 JEAN MACLEAN キャバクラ ドレス ストラップチェーン ラメ,9000,https://item.fril.jp/1746c2d3cec4b74767bf6d2fe058e113
986,,986 GINZA COUTURE ERUKEI エルケイ キャバクラ ドレス,6000,https://item.fril.jp/7251d04ea5d8466d8472a26ad4040b1f
992,,992 GINZA COUTURE ERUKEI エルケイ キャバクラ ドレス,9000,https://item.fril.jp/08649a3eeac4508c80554782412e8be9
993,,993 ROBE de FLEURS Glossy ローブドフルールグロッシー,6000,https://item.fril.jp/6ac3d7bc386ccc4cfb821ec4919c287a
996,,996 dazzy store デイジーストア キャバクラ オフショル,3000,https://item.fril.jp/fc618b036839fc2355ec019cb5c0a1f3
997,,997 ROBE de FLEURS Glossy ローブドフルールグロッシー,6000,https://item.fril.jp/479fa76862c57eb4317ff84885e530a6
999,,999 RINASIMENTO リナシメント キャバクラ ドレス ストレッチ,2500,https://item.fril.jp/c2fc0abcd357367f5fbe535f35adca42
1001,,1001 Enuiron キャバクラ ドレス ノースリーブ ストーン レース,4500,https://item.fril.jp/0883d2b3882255c557335c80d4a1ef11
1007,,1007 JEAN MACLEAN キャバクラ ドレス ロングドレス フリル,23000,https://item.fril.jp/52de49b991e60d40de899e26a5d71f1c
1009,,1009 Andy アンディ キャバクラ ドレス 刺繍 テープ リボン タイト,8000,https://item.fril.jp/f79c8798cb7b2e3cd95bbad020a6c6ff
1012,,1012 Angel R エンジェルアール AR キャバクラ ドレス ツイード,7000,https://item.fril.jp/095236adcc46b5c1b51586e024719733
1016,,1016 ROBE de FLEURS Glossy ローブドフルール,4000,https://item.fril.jp/42c7b0bb6c3c7e570d341626f8b0d6af
1017,,1017 キャバクラ ドレス ツイード ラメ ボタン パール ワンピース,1500,https://item.fril.jp/0941325ed98974519277cad0554e072e
1018,,1018 GRAXIA キャバクラ ドレス ゴールドチェーン タイト,3000,https://item.fril.jp/7361e76753aab70330584b563c5ba530
1022,,1022 Tika キャバクラ ドレス 刺繍 パール ストーン フリル,2000,https://item.fril.jp/a57b34bc645b83cfc4ce74aaf0b05a73
1026,,1026 DAZZY デイジー キャバクラ ドレス セットアップドレス,4000,https://item.fril.jp/24f0685058645004adf21f2c783980c4
1027,,1027 キャバクラ ドレス チェーンストラップ ギャザー タイト ミニ 無地,2000,https://item.fril.jp/02822f1f5861bab6ffd998fc02fa49e6
1028,,1028 キャバクラ ドレス オフショル サテン タイト 無地 シンプル,1500,https://item.fril.jp/fd9f657f24490a2f0c11009794f2c618
1030,,1030 AR ANGEL R エンジェルアール キャバクラ ドレス ストーン,4000,https://item.fril.jp/fcd6fe4f5842aa71024d6f8e9dc1b0db
1032,,1032 JEAN MACLEAN キャバクラ ドレス ワッフル,8000,https://item.fril.jp/e03b28c6037b558abd333631c3ac13de
1033,,1033 Andy アンディ キャバクラ ドレス ツイードラメ ノースリーブ,7000,https://item.fril.jp/5fecffa8190d85ec2fe3946cbf01acd5
1034,,1034 DEA by ROBE de FLEURS,7000,https://item.fril.jp/0e548f5408f4b07846535fd9a19c0fbd
1036,,1036 DEA by ROBE de FLEURS,9000,https://item.fril.jp/9f4afe201a416344dc06976670786fdf
1038,,1038 ERUKEI エルケイ キャバクラ ドレス 花柄 フラワー,6000,https://item.fril.jp/64cfb6e368d3e8afd46bcaeef161be16
1040,,1040 Andy アンディ キャバクラ ドレス ダブルジップ ノースリーブ,6000,https://item.fril.jp/7b43431688b58445d29a0593d41eac33
1041,,1041 Andy アンディ キャバクラ ドレス サイドシースルー,3000,https://item.fril.jp/c65b0d3206ec235a62bd441e3f515710
1047,,1047 SEGUYANGXI キャバクラ ドレス オフショル ドット レース,3000,https://item.fril.jp/783efbe39e57c011442a6b8e16b4d3b6
1048,,1048 ROBE de FLEURS Glossy,8000,https://item.fril.jp/fc213556e2527781f9be7046d3c2bdf9
1050,,1050 Andy アンディ キャバクラ ドレス ノースリーブ リボン タイト,8000,https://item.fril.jp/67903004f273621c269bc4304cd0883e
1051,,1051 FLY GIRL フライガール イタリア製 キャバクラ ドレス 総柄,4000,https://item.fril.jp/9e47a344077ef29f4cc18529f18894c3
1052,,1052 Andy アンディ キャバクラ ドレス 花柄刺繍 総レース,6000,https://item.fril.jp/a7e660805d21b384918bc33a6f5107f0
1053,,1053 Andy アンディ キャバクラ ドレス 総レース タイト ミディ,5000,https://item.fril.jp/6704716727da26f54075f49cee1ff0b3
1055,,1055 Andy アンディ キャバクラ ドレス 総柄 ノースリーブ リボン,5000,https://item.fril.jp/58064f387d96e16dedfa2f7a5f6b4ba4
1056,,1056 DEA by ROBE de FLEURS,4500,https://item.fril.jp/ef564508aa6558151ba9ced9a1212370
1054,,1054 一條しおんさん着用モデル vanity ME. ヴァニティーミー,10000,https://item.fril.jp/bb50d668f5c228052540f5a261c8fa4f
1060,,1060 veautt キャバクラ ドレス ストーン オフショル,6000,https://item.fril.jp/1c79732572f462fd245cf6a96f467166
1065,,1065 JEWELS ジュエルズ キャバクラ ドレス 総レース タイト ミニ,4000,https://item.fril.jp/2361a35f9d4cf57957cd2f67d3a76cb3
1081,,1081 タグ付き ZARA ザラ フロントリボンワンピース キャバクラ,3500,https://item.fril.jp/33060bd22ead08538e23515df00834a5
1082,,1082 ZARA ザラ キャミソールコクーンワンピース キャバクラ ドレス,2000,https://item.fril.jp/d8b34f04521bd205a4bdb83ad855a155
1078,,1078 キャバクラ ドレス コスプレ M 制服 推しの子 星野アイ,4000,https://item.fril.jp/4d9734eb54d36856c68070610dfe9804
1077,,1077 Vanity ME. ヴァニティーミー キャバクラ ドレス 特注,10000,https://item.fril.jp/ecdbff67b142242c17ea31a1a888cd4d
1064,,1064 JEAN MACLEAN ジャンマクレーン キャバクラ ドレス,25000,https://item.fril.jp/18781a20e751a62475ccfea92843c884
1090,,1090 LIPSY LONDON リプシーロンドン キャバクラ ドレス,3000,https://item.fril.jp/989542d0c54cceaafcd613ed41110514
1091,,1091 LIPSY LONDON リプシーロンドン キャバクラ ドレス,3000,https://item.fril.jp/6f6b892bb792bf41e6657d8bd9d45cb6
1092,,1092 self-portrait セルフポートレイト キャバクラ ドレス,6000,https://item.fril.jp/1186a8a160cf6ff1d27d1f38f4c30d81
1093,,1093 LIPSY LONDON リプシーロンドン キャバクラ ドレス,3000,https://item.fril.jp/b1a68c5ea444a157410ab6dec55df52e
1094,,1094 MISSGUIDED ミスガイデッド キャバクラ ドレス,6000,https://item.fril.jp/4adf7f7179680692e9555a6f312439d2
1095,,1095 NICOLE ニコル キャバクラ ドレス 総柄 ウエストリボン,3500,https://item.fril.jp/15f52628a496581ad531f5068344e925
1096,,1096 キャバクラ ドレス ストレッチ ボディコン タイト ミディ,3000,https://item.fril.jp/fd7ab47d8a26898475f6455b9abb65f2
1097,,1097 PAPER DOLLS キャバクラ ドレス クロシェ フラワーレース,1500,https://item.fril.jp/b04f35c370dcd9cef4ace834ee95b369
1098,,1098 asos エイソス キャバクラ ドレス レース タイト 刺繍,3000,https://item.fril.jp/3c9d0d726286d3308caa2ce4e64cafbb
1101,,1101 キャバクラ ドレス ニット タイト ウエストオープン バックオープン,3000,https://item.fril.jp/19ff30c889cecf33004e86c970aa321c
1102,,1102 Lily Brown リリーブラウン クロシェ フラワー 刺繍,4000,https://item.fril.jp/936343c8f6c9ae1250905272bdd2611a
1105,,1105 minette by Tika ミネットバイ ティカ キャバクラ,3500,https://item.fril.jp/3cf8c1448d629c84c624704d90a4dd42
1008,,1008 WAAC ワック ゴルフウェア ミニスカート サイドテーピング,6000,https://item.fril.jp/523b8b0baf854a73531f144cf52c558c
1109,,1109 キャバクラ ドレス ストレッチ キャミドレス タイト ボディコン,1500,https://item.fril.jp/314d167c810f3e3b739a94bc484bbdf6
1111,,1111 Vanity ME. ヴァニティーミー キャバクラ ドレス,1500,https://item.fril.jp/6bee7505c82e38244b40d15442ae5837
1117,,1117 未使用タグ付き TRINITY トリニティ キャバクラ ドレス,8000,https://item.fril.jp/7e3e9b9061a32bacec1d3e8888e4da09
1119,,1119 チェーン柄 シアーシャツ ブラウス フリル ノーカラー長袖シャツ,1500,https://item.fril.jp/86e13e9a43f6c1dbf98e00b07c4ffe15
1121,,1121 キャバクラ ドレス リブ素材 ミニ スクエアネック 無地 シンプル,1500,https://item.fril.jp/baea2d93b1527f417219210d29a9cf47
1122,,1122 Vロゴチャーム ラップフレアミニスカート シンプル ブラック,2500,https://item.fril.jp/15c4fa79f8dc3e55eeec71d5a0e9a1d5
1123,,1123 キャバクラ ドレス ニットドレス ノースリーブ 総柄 モノトーン,3000,https://item.fril.jp/150de941cab7132ecbca209f5c00e23a
1124,,1124 cherrykeke キャバクラ ドレス アシンメトリー フリル,3000,https://item.fril.jp/778b30e159ec1c89fbdce4101ee74ebd
1029,,1029 キャバクラ ドレス ノースリーブ ゴールドボタン ミディ 襟付き,3000,https://item.fril.jp/eb58edfac570c04a7c987764739c501d
1125,,1125 Lian Yi Fang キャバクラ ドレス ノースリーブ,5500,https://item.fril.jp/1bf533965b32acaba470a27b3f4a211f
1126,,1126 AR ANGELR エンジェルアール キャバクラ ドレス フラワー,3500,https://item.fril.jp/0d31ea745802e2aa10928f59e38a2779
1127,,1127 キャバクラ ドレス ワンショルダードレス タイト ミニ レース,3000,https://item.fril.jp/925e63192682d1c80d3b94b713977a5d
1128,,1128 キャバクラ ドレス オフショル フレア タイト ミニ キャバドレス,3500,https://item.fril.jp/47ebd6586dfef9049835fe4f9ec50112
1133,,1133 SATURDAY CLUB サタデークラブ キャバクラ ドレス,4500,https://item.fril.jp/a42e6214d5e4de0c090264456539fb70
1137,,1137 emiriawiz エミリアウィズ キャバクラ ドレス スタッズ,4500,https://item.fril.jp/e5a51db9c26817e95b85f4cead236eaf
1138,,1138 SATURDAY CLUB サタデークラブ キャバクラ ドレス,3000,https://item.fril.jp/724ad1957b504690fb5462e613dccae8
1140,,1140 キャバクラ ドレス 襟付き ノースリーブ ラメライン ミディ,2500,https://item.fril.jp/dd6a26d35ed74e4307ada22bf6758924
1141,,1141 キャバクラ ドレス レース シフォン リボン ノースリーブ,1500,https://item.fril.jp/f063f502db79c41e09518c74d624d260
1142,,1142 SATURDAY CLUB サタデークラブ キャバクラ ドレス,3500,https://item.fril.jp/d3de8a39b8173a0cfa15c1a8baa2ff24
1143,,1143 JEWELS ジュエルズ キャバクラ ドレス ツイードラメ,4500,https://item.fril.jp/71d477f906916c9ea607cb23778f4dc6
1144,,1144 SATURDAY CLUB サタデークラブ キャバクラ ドレス,3000,https://item.fril.jp/ac711329ae6f2e702fa16b7727fb2191
1145,,1145 SATURDAY CLUB サタデークラブ キャバクラ ドレス,5000,https://item.fril.jp/7d8a9d3cc9344b2af3198ceee877b902
1149,,1149 JEWELS ジュエルズ キャバクラ ドレス ノースリーブ レース,5000,https://item.fril.jp/d7f5bd9600374c458b77f1e5f584e09a
1152,,1152 JEWELS ジュエルズ キャバクラ ドレス ツイード,5000,https://item.fril.jp/7583f83f365f5b70bb76fdd041f07e58
1154,,1154 未使用タグ付き Andy アンディ キャバクラ ドレス 総レース,8000,https://item.fril.jp/07729db062e74eace12ed376deb023d0
1155,,1155 DAZZY デイジー キャバクラ ドレス ツイード,3000,https://item.fril.jp/429b92578e3a3583f520b592234ed52f
1156,,1156 キャバクラ ドレス ノースリーブ フレア シンプル ミニ,1500,https://item.fril.jp/f9eeaee8b494ab20125fed2bbe9a9c17
1157,,1157 SATURDAY CLUB サタデークラブ キャバクラ ドレス,5000,https://item.fril.jp/af6899e7f5e87da78e879b6bed08f09f
1158,,1158 SATURDAY CLUB サタデークラブ キャバクラ ドレス,4000,https://item.fril.jp/5ea2caab413174867bdfb2cce55a1bd8
1159,,1159 SATURDAY CLUB サタデークラブ キャバクラ ドレス,5000,https://item.fril.jp/beee6d6841639c553917011583a5d271
1162,,1162 キャバクラ ドレス スパンコール ツイード ノースリーブ Aライン,4000,https://item.fril.jp/c1edd20645958b64aaf811846aeb1a89
1164,,1164 Andy アンディ キャバクラ ドレス 総レース ミディ スリット,5000,https://item.fril.jp/353bb88045a26e3886057ea854138da4
1165,,1165 Andy アンディ キャバクラ ドレス 総レース ノースリーブ,6000,https://item.fril.jp/1b45ff7c59e6c4d6f6ea4f32ef9bf869
1172,,1172 rienda リエンダ キャバクラ ドレス Aライン 総レース,2500,https://item.fril.jp/6d61fb032dd1adaf17fc95310e065a31
1173,,1173 キャバクラ ロングドレス スパンコール ホルターネック ストーン,4000,https://item.fril.jp/3bbaff324530a6de7aea73acdec8674d
1174,,1174 キャバクラ ロングドレス シフォン ホルターネック ビジュー,3500,https://item.fril.jp/5b33eb502755c0585c14d6969dbf3a10
1175,,1175 DAZZY STORE デイジーストア キャバクラ ドレス,1500,https://item.fril.jp/9ce7cb8cfde956f9d99961421f4e010d
1176,,1176 Sandie anap アナップ トロピカルワンピース,1000,https://item.fril.jp/c3c1ad2ae953bf3019bcd6ea2a721e7e
1177,,1177 未使用タグ付き Tika holic ティカホリック キャバクラ,3000,https://item.fril.jp/83aa44bbe7a63df67bf8cf6fdd6d012f
1178,,1178 FOREVER21 フォーエバートゥエンティーワン バラ柄ワンピース,1000,https://item.fril.jp/f685ffb000c9a594e636611779bae43b
1179,,1179 TORTE トルテ ノーカラーシャツ ワンピース 総柄 プリーツ,1000,https://item.fril.jp/75304c7277f69c111f05011db2817fcd
1180,,1180 salire サリア キャバクラ ドレス ワンピース ノースリーブ,1000,https://item.fril.jp/bc97f6a75439596b5269cef4bfae93f7
1182,,1182 Tika holic ティカホリック キャバクラ ドレス レース,3000,https://item.fril.jp/27d0425a5b3d63d416d666f9bdb03ab0
1183,,1183 DAZZY LOUNGE デイジーラウンジ キャバクラ ドレス ミニ,3000,https://item.fril.jp/cff0452cbc66e86f552f1d8faae77cb6
1184,,1184 dazzy store デイジーストア キャバクラ ドレス シフォン,3500,https://item.fril.jp/694b7a5954e908d67fb75b6f8b104de4
1185,,1185 dazzy store デイジーストア キャバクラ ドレス,3500,https://item.fril.jp/9d20a964ae284ddc938abbc2ce3d242e
1186,,1186 キャバクラ ドレス ツイードラメ ノースリーブ ワンピース ミニ,1000,https://item.fril.jp/f19db139a19104e11c8e279f99cfcb3c
1187,,1187 VESTI ヴェスティ キャバクラ ドレス タイト ミニ リボン,2000,https://item.fril.jp/c0af34895cfabaf9cbdf0614d03404e1
1188,,1188 キャバクラ ドレス フリル ミディ キャミ キャバドレス,1000,https://item.fril.jp/821072137bd16febb04db9991a8dac8d
1191,,1191 JEWELS ジュエルズ キャバクラ ドレス レース フリル,5000,https://item.fril.jp/953c9fa17ca49b0208333c1d55b38801
1192,,1192 WIWALORNA ワイワロアーナ キャバクラ ドレス 総レース,2000,https://item.fril.jp/1f9dddcf2a57c8770f43d805d5bcb54e
1193,,1193 Mon Charme キャバクラ ドレス ラインストーン ノースリーブ,1000,https://item.fril.jp/aa479f28528fd1976cf22cbb8d2c13a8
1194,,1194 RED VALENTINO レッドヴァレンティノ フラワー 花柄,8000,https://item.fril.jp/5f76aeadb82c7152b43d3dec526acffe
1196,,1196 Andy アンディ キャバクラ ドレス スカート フレア ミニ,2000,https://item.fril.jp/1e4b728a016922dbc26454250337c237
1198,,1198 キャバクラ ドレス 総レース 襟付き ビジューボタン ストーン ミニ,5000,https://item.fril.jp/6a40bcaaa8210b5b4cb13b91b7a48653
1201,,1201 ERUKEI エルケイ キャバクラ ドレス ツイードラメ フリンジ,6000,https://item.fril.jp/18127edea53c4d7cd5c5aa2fe508b92a
1205,,1205 GRL グレイル キャバクラ ドレス ワンピース ツイードラメ,3000,https://item.fril.jp/7ed36d7f09beadd90043d45faba9af44
1206,,1206 RADY レディー キャバクラ ドレス ツイード パールボタン,5000,https://item.fril.jp/c887481fd7dd913c90d01a24aac8759d
1207,,1207 JEAN MACLEAN ジャンマクレーン キャバクラ ドレス,4000,https://item.fril.jp/4744341711d1dec583a5ca847c94ac6d
1208,,1208 dazzy store デイジーストア キャバクラ ドレス リボン,3000,https://item.fril.jp/a51633e7f691c0ec917a08ab20cef204
1209,,1209 WIWALORNA ワイワロアーナ キャバクラ ドレス そう ミディ,2000,https://item.fril.jp/452d4036040e1761529117f9a72ab4b6
1213,,1213 ROBE de FLEURS Glossy ローブドフルール,5000,https://item.fril.jp/68ab4e42ec431ba1cf84a2a8c364aa8f
1214,,1214 キャバクラ ドレス ツイードラメ パールボタン ミニ ワンピース,1500,https://item.fril.jp/994cd8cb9853ed4f26f3de5d10e3e6bd
1217,,1217 ERUKEI エルケイ キャバクラ ドレス ツイード ノースリーブ,4500,https://item.fril.jp/4a184c24cf23ddef8abc3dda25f7249c
1219,,1219 DAZZY デイジー キャバクラ ドレス レース タイト シースルー,2500,https://item.fril.jp/c2058ef3bc812a38db3c56e9dba2d094
1224,,1224 an アン キャバクラ ドレス パール ボタン ゴールド,7000,https://item.fril.jp/572e0722b28ca8312dfe331ff06c2aef
1228,,1228 キャバクラ ドレス ツイード ゴールドボタン タイト ホワイト,1500,https://item.fril.jp/1581e95705a89c349b89381b2a2c4878
1231,,1231 キャバクラ ドレス キャミドレス ミニ シンプル バックオープン,1500,https://item.fril.jp/a312204af5ea7531f536999263c8f2fe
1232,,1232 Tika ティカ キャバクラ ドレス スパンコール ロングドレス,4000,https://item.fril.jp/a656f3f40aee0e4ba9d6c93c3e51c6cc
1233,,1233 MILANSPRING ミランスプリング キャバクラ ドレス ベロア,1500,https://item.fril.jp/02d7475f224ddaff8b7e565daecdea19
1234,,1234 dazzy デイジー キャバクラ ドレス オフショル チョーカー,2500,https://item.fril.jp/9011c8bfe19e67f8d983b56f5e93283b
1235,,1235 Yijiaren Fashion キャバクラ ドレス キラキラ,1500,https://item.fril.jp/1608ab9e3b796ed28967ea890e6f9680
1241,,1241 Blooming ブルーミング キャバクラ ドレス キャミドレス,4000,https://item.fril.jp/69b534a075bf9c6daa531e9b1c52da72
1212,,1212 Andy アンディ キャバクラ ドレス フリル リボン タイト ミニ,4000,https://item.fril.jp/d2fe14f2881267ec70661a852d420219
1225,,1225 Tika ティカ キャバクラ ドレス フリンジ フリル モノクロ,4000,https://item.fril.jp/883826a573a189794f9fc4fcba6a5158
1229,,1229 Vanity ME ヴァニティミー キャバクラ ドレス,4000,https://item.fril.jp/3f852252ce3ae563dbea0503b1a0303d
1243,,1243 Love Rich ラブリッチ キャバクラ ドレス スリット ミニ,3000,https://item.fril.jp/33a7f4daed2b2c75c87c1c3ee007df45
1244,,1244 RESEXXY リゼクシー 袖シアーニットワンピース ミニ タイト,2000,https://item.fril.jp/465800d783705faf94862da07e3b2d2c
1245,,1245 JILL STUART ジルスチュアート チュールワンピース,4000,https://item.fril.jp/20d62497d3185adcf4fa74c89661c846
1246,,1246 H&M フリル オフショルワンピース フレア チェック ミニ,1500,https://item.fril.jp/68e21b46fd71b50763614864cc4182fd
1247,,1247 RESEXXY リゼクシー キャバクラ ドレス フリル タイト,4000,https://item.fril.jp/4292c21370d7de6ecad3077968c413d2
1249,,1249 キャバクラ ドレス ツイード フリンジ ノースリーブ ゴールドボタン,1500,https://item.fril.jp/8460ce37ac6653a30fbd9b12fb4bb6a9
1250,,1250 キャバクラ ドレス ツイードラメ ノースリーブ パールボタン ミニ,1500,https://item.fril.jp/3d27fb1415c74f10afdf264a309553bb
1251,,1251 TOPSHOP トップショップ ビジューワンピース スパンコール,3500,https://item.fril.jp/cfecd605b670c3002ae2efc6104a92cb
1252,,1252 RESEXXY リゼクシー マーメイドロングワンピース キャバクラ,3500,https://item.fril.jp/d9cd5afad807fda00e1250ad32a1ddfa
1254,,1254 キャバクラ ドレス ワンピース クロシェレース フレア タイト ミニ,1000,https://item.fril.jp/25b5c3e21ed25487f8418353f3ba0b7e
1255,,1255 YIEELACOO キャバクラ ドレス ツイードラメ ノースリーブ,3000,https://item.fril.jp/73083300198a08910d4d2797e77e2819
1256,,1256 BayBClub ベイビークラブ キャバクラ ドレス 総レース,3500,https://item.fril.jp/b95d5c75b05477c6e5f9dd88084f0ef5
1260,,1260 sugar nine シュガーナイン キャバクラ ドレス オフショル,3500,https://item.fril.jp/645045dfdce91de681f7c572fad78ec8
1261,,1261 SZ キャバクラ ドレス ツイード フレアワンピース フリンジ,2000,https://item.fril.jp/c797b68ca3f987017992080afc33967b
1263,,1263 Ryuyu リューユ キャバクラ ドレス シフォン シースルー 刺繍,3000,https://item.fril.jp/56b102e317801543265e46f7943a97aa
1265,,1265 キャバクラ ドレス 総柄 シースルー タイト ミニ 長袖 ハイネック,1000,https://item.fril.jp/752819d654ff8a51cc3a80e2dcd67d74
1266,,1266 キャバクラ ドレス ツイードラメ パールボタン 半袖 キャバドレス S,1500,https://item.fril.jp/6088982aa8311dd1bb46a9c26d897824
1268,,1268 JEWELS ジュエルズ キャバクラ ドレス ツイード ジップ,4000,https://item.fril.jp/7fbe6203142d40eb011917c295287274
1269,,1269 DAZZY デイジー キャバクラ ドレス ミディ スリット,2000,https://item.fril.jp/2eadf7dc6124f0a6a02d462a34a4d9e9
1271,,1271 キャバクラ ドレス ノースリーブ プリーツ タイト ストレッチ ミニ,1000,https://item.fril.jp/985205a4817296ad2faad507ec63c198
1272,,1272 GLAMOROUS by Andy グラマラスバイアンディ,6000,https://item.fril.jp/e8b9e192c3ee97e0f9cf9bf248775493
1273,,1273 GINZA COUTURE ERUKEI ギンザクチュール エルケイ,6500,https://item.fril.jp/eecd5fac96c0093f512f0d5f2a7bcd0a
1276,,1276 GUILD PRIME ギルドプライム キャバクラ ドレス,6000,https://item.fril.jp/841e13207e6c2f195882d8d3785bf473
1277,,1277 GINZA COUTURE ERUKEI エルケイ キャバクラ,7000,https://item.fril.jp/1ff856f6e37500d6e6f3fb7c0eec4d97
1278,,1278 LIQUORISH リカリッシュ キャバクラ ドレス 総レース,5000,https://item.fril.jp/6e58cb3212587778c7193a7869dc5ad0
1280,,1280 Tika ティカ キャバクラ ドレス 総レース ノースリーブ フリル,2500,https://item.fril.jp/9cfc3bbd9f57cc277395c34155e5bdfc
1281,,1281 cherrykeke チェリーケケ キャバクラ ドレス,2000,https://item.fril.jp/5de9c2bedca6d4f2bdd6a8aabe05270e
1283,,1283 キャバクラ ドレス レース ツイードラメ シアー シースルー,3000,https://item.fril.jp/643e281c53cd18e3d570992597d3d38b
1285,,1285 キャバクラ ロングドレス キャミ スリット ビジュー シースルー,2000,https://item.fril.jp/5a128efb81650559f89631693cf97e35
1287,,1287 キャバクラ ドレス セットアップ ワンピース キャミ 花柄,1000,https://item.fril.jp/602608945f2704e0ba24040c91994b15
1288,,1288 キャバクラ ドレス キャミドレス ワンピース 総レース シースルー,1000,https://item.fril.jp/a1bf22934ec5922d8a97dd72c0f83a97
1291,,1291 キャバクラ ドレス フラワー キャミドレス ワンピース リボン,1000,https://item.fril.jp/f883c12c0ea14d6cdcf045b060a139d0
1292,,1292 GRAXIA キャバクラ ドレス タイトドレス ゴールド 金具,3000,https://item.fril.jp/4b72ab0d9d65f789f6ff27c6f9a98039
1294,,1294 ROBE de FLEURS Glossy ローブドフルール,8000,https://item.fril.jp/af8e385228d243b22432286b049c0b21
1296,,1296 DEA by ROBE de FLEURS,6000,https://item.fril.jp/ac656a7a36f11f3b24b8db48417142ff
1297,,1297 Settan ERUKEI エルケイ キャバクラ ドレス フリル,9000,https://item.fril.jp/5a6e0bb153bb3faa3f942629c4a091c5
1298,,1298 Andy by LILLION アンディ キャバクラ ドレス リボン,4000,https://item.fril.jp/0bd40f6f333ba9c15676d0699c215679
1299,,1299 an アン アンディ キャバクラ ドレス セットアップドレス 星刺繍,8000,https://item.fril.jp/8202396a3bf1009c6ddc53575da10a0c
1302,,1302 Settan ERUKEI エルケイ キャバクラ ドレス 総レース,4000,https://item.fril.jp/856d1ecd82364f7905f6dae09723613d
1304,,1304 an アン アンディ キャバクラ ドレス ツイードラメ,3500,https://item.fril.jp/287aa21b11a46ee38560430a1460d49f
1307,,1307 ERUKEI エルケイ キャバクラ ドレス シルク ワンショルダー,4000,https://item.fril.jp/217452887203b036fe52f2b0b80dc0b8
1310,,1310 DEA by ROBE de FLEURS,6000,https://item.fril.jp/eaec9ae7759ecee2405c2ed36579a262
1311,,1311 Rinfarre リンファーレ キャバクラ ドレス サテン 光沢,5000,https://item.fril.jp/bfe294a1825cab31659c04ec2fc0f0f7
1312,,1312 Settan ERUKEI エルケイ キャバクラ ドレス,7000,https://item.fril.jp/486a734dc44ab57b29aa35c09d445325
1314,,1314 Connected APAREL コネクテッドアパレル キャバクラ,4000,https://item.fril.jp/2d38686e274f067ffdadb144ac16bd12
1315,,1315 ERUKEI エルケイ ノースリーブ タイト ミディ Vネック 無地,5000,https://item.fril.jp/bc5b83bed74a8b47a3b76fb28194b889
1316,,1316 JEAN MACLEAN ジャンマクレーン キャバクラ ドレス,6000,https://item.fril.jp/54070b7d99353ed05757dcc311073251
1324,,1324 ROBE de FLEURS Glossy ローブドフルール,5000,https://item.fril.jp/ea86fb16e49ada5ce53f2a85241311e2
1323,,1323 Vanessa Heart ヴァネッサハート キャバクラ ドレス,5000,https://item.fril.jp/df66e383f95c4d7eabaa7fef1e069194
1320,,1320 Rinfarre リンファーレ キャバクラ ドレス ギャザー,3000,https://item.fril.jp/a7af81d801a0b046d4417ad32c968812
1319,,1319 ERUKEI エルケイ キャバクラ ドレス ノースリーブ,6000,https://item.fril.jp/6e6089f7e52987bb548a0e89e7fdffe3
1318,,1318 GINZA COUTURE ERUKEI エルケイ キャバクラ,5000,https://item.fril.jp/fd7ee3965ebface929a1a6e32050995f
1348,,1348 DEA by ROBE de FLEURS,5000,https://item.fril.jp/62eba325fc45512ffe4282d0ea2f8f42
1347,,1347 JEWELS by suger ジュエルズ バイシュガー キャバクラ,7000,https://item.fril.jp/39cb704520aa6f582311435bd13458ab
1345,,1345 GINZA COUTURE ERUKEI 銀座クチュール エルケイ,6000,https://item.fril.jp/8b93fd4c0581d7c7973801de9e650976
1343,,1343 FEIMAN フェイマン キャバクラ ドレス 総レース フリル,1500,https://item.fril.jp/45b2a7b57a4590a188771adc1c64ccce
1342,,1342 JEWELS ジュエルズ キャバクラ ドレス ツイードラメ,5000,https://item.fril.jp/828085cef5bfbb498f3af1b2b6ab4a01
1340,,1340 ERUKEI エルケイ キャバクラ ドレス ツイード フリンジ,2000,https://item.fril.jp/95048ce2bd22d9f98d9dcf0f27fb5fd1
1350,,1350 JEAN MACLEAN キャバクラ ドレス 総レース ノースリーブ,4000,https://item.fril.jp/3b76b35177a6ea7fa5704de3c4a4a947
1351,,1351 dazzy store デイジーストア キャバクラ ドレス 総レース,1500,https://item.fril.jp/a480492e909f6e58aa0f0571dbcc9fad
1352,,1352 ROBE de FLEURS Glossy ローブドフルール,4000,https://item.fril.jp/fd2047f32a0729cd6e4a72679097b2e5
1354,,1354 ROBE de FLEURS Glossy ローブドフルール,2000,https://item.fril.jp/ee85aeeb31b84c32a75aa717fdc05b86
1356,,1356 dazzy store デイジーストア キャバクラ ドレス レース,2500,https://item.fril.jp/474775dc589b24ff7a5369596d84c0a2
1358,,1358 キャバクラ ドレス 総レース パフショルダー ミディ スクエアネック,1500,https://item.fril.jp/cb19f2cdbfbd3defb9595a981b2d2328
1359,,1359 JEWELS ジュエルズ キャバクラ ドレス レース刺繍 フレア,5000,https://item.fril.jp/f375e2126b1337ceda3ecc6eb6824c46
1360,,1360 dazzy store デイジーストア キャバクラ ドレス レース,3000,https://item.fril.jp/bf7cb2de2187c217b7d103c87c63343f
1361,,1361 キャバクラ ドレス 袖シフォン ミディ スリット スクエアネック,1000,https://item.fril.jp/31166f0c3360450c7214502abb85199f
1362,,1362 キャバクラ ドレス ドット柄 襟付き ミニ タイト 伸縮性,1000,https://item.fril.jp/aa9a220e70202a3f48e8e1bcef7b0f44
1363,,1363 FEIMAN フェイマンキャバクラ ドレス タイト ミディ 伸縮性,1000,https://item.fril.jp/7e3cd471e7f380d4f97edff6f45c859b
1365,,1365 未使用タグ付き cherrykeke キャバクラ ドレス レース,3000,https://item.fril.jp/2edfcc5d9d419cbce94a3ca9d20eda07
1367,,1367 FEIMAN フェイマン キャバクラ ドレス フリル マーメイド,2000,https://item.fril.jp/bb7036c222fe292811f732faeeb121ff
1372,,1372 キャバクラ ドレス ストーン ノースリーブ ワンピース キャバドレス,1500,https://item.fril.jp/85e17424daedd994a4caa3191aee7422
1240,,1240 Tiara ティアラ キャバクラ ドレス ストーンストラップ タイト,3000,https://item.fril.jp/1a5fe35b6c414c7cf832344953d2bd0c
1378,,1378 キャバクラ ドレス クロシェレース ストーン ビジュー ミニ タイト,1500,https://item.fril.jp/030e82bda824f03b606986aa294c80fe
1379,,1379 キャバクラ ドレス ニットワンピース ノースリーブ 千鳥柄 総柄,1500,https://item.fril.jp/9f50f02d6bd5aec2a76460c0bbd693ee
1382,,1382 Tika ティカ キャバクラ ドレス 二次会 リボン ストーン,1500,https://item.fril.jp/fc962799950a5e65b933ef358a116174
1384,,1384 キャバクラ ドレス リブニット ワンピース タイト ウエストカット,1500,https://item.fril.jp/df74a01c3337925d967937f907554563
1385,,1385 キャバクラ ドレス ストーン キラキラ シースルー タイト ギャザー,2500,https://item.fril.jp/35254e7037b617cd26554bb1b06c1533
1386,,1386 Vanity ME. ヴァニティミー キャバクラ ドレス,4000,https://item.fril.jp/7ed8dde08c2a7c1a6fdb8ee419d01993
1388,,1388 H&M エイチアンドエム キャバクラ ドレス ツイード,1500,https://item.fril.jp/8de53510185988d95f292ce953bf426f
1389,,1389 キャバクラ ドレス ツイードラメ スパンコール ノースリーブ パール,2000,https://item.fril.jp/4baae9ca2a277e2651f6425d0281979f
1390,,1390 未使用 キャバクラ ドレス 総レース ノースリーブ フリル タイト,2000,https://item.fril.jp/5ffc2e4c1bdff9c2ac12e63a823be558
1391,,1391 ZARA ザラ キャバクラ ドレス ワンピース ミニ キャミ,1500,https://item.fril.jp/5251f3ff8fd87d1dc89fa438fb6c7c41
1392,,1392 JEWELS ジュエルズ キャバクラ ドレス レース リボン ミニ,2000,https://item.fril.jp/9468698e7919a39494c36f16336be264
1394,,1394 JULIA BOUTIQE ジュリアブティック キャバクラ ドレス,3000,https://item.fril.jp/7eed92aaf9e7c31a074fc6804e34882e
1395,,1395 Tika ティカ キャバクラ ドレス ロングドレス フリル,7000,https://item.fril.jp/e012517589277006af45c687311974e2
1396,,1396 キャバクラ ドレス リボン ノースリーブ タイト 伸縮性 シンプル,1500,https://item.fril.jp/f17420624f9606d86c4e06ef5ee5dcab
1397,,1397 キャバクラ ドレス バイカラー 伸縮性 シンプル ミディ,1000,https://item.fril.jp/de490299aa897ed1cdbd493b89024ee9
1398,,1398 Tika ティカ キャバクラ ドレス 総レース キャミ タイト ミニ,4000,https://item.fril.jp/4c52ca328e4b38a627571fe6ecc7ca1a
1400,,1400 GLAMOROUS by Andy グラマラスバイアンディ,7000,https://item.fril.jp/2d208bffc977153dbc144327d71f06f2
1402,,1402 DAZZY デイジー キャバクラ ドレス スパンコール ノースリーブ,2000,https://item.fril.jp/250fc4e27d654a009eade173a7809881
1406,,1406 DAZZY デイジー キャバクラ ドレス シースルー レース,3000,https://item.fril.jp/03610633e43f658185ee0dd7dc12b082
1408,,1408 an アン Andy アンディ キャバクラ ドレス ツイード,5000,https://item.fril.jp/6b35833c9306883db764ba5a1d850a0e
1412,,1412 DAZZY デイジー キャバクラ ドレス レース ストーン パール,2500,https://item.fril.jp/24c3e2e1545704785db1cca1bb87bca7
1413,,1413 DAZZY デイジー キャバクラ ドレス キャミ ギャザー ミニ,1500,https://item.fril.jp/7f0a070cc41433b3be6def5773177601
1414,,1414 DAZZY デイジー キャバクラ ドレス 総レース パールボタン,2000,https://item.fril.jp/9634fdb585b104721a4ef461e7b0ea8a
1415,,1415 DAZZY デイジー キャバクラ ドレス オフショル ゴールドジップ,1500,https://item.fril.jp/1e1e68a60a8a79363aec67f01ff6f42f
1416,,1416 DEA by ROBE de FLEURS,5000,https://item.fril.jp/9efc85f15f0f7428c40c166ab5c77657
1417,,1417 Alice アリス キャバクラ ドレス 総レース シアー,4000,https://item.fril.jp/91b148d185e64bf8ef824bd9b9bcafd4
1418,,1418 Randy ランディ キャバクラ ドレス レース スリット ミディ,3000,https://item.fril.jp/b9260081ddf6b52d0fc784ce4d7eff42
1419,,1419 AR Angel R エンジェルアール キャバクラ ロングドレス,9000,https://item.fril.jp/d22b4778e74b125659bc25cbcf502248
1420,,1420 JEWELS ジュエルズ キャバクラ ドレス ツイードラメ,5000,https://item.fril.jp/bd430ee7a30c471817017a58b4512bc0
1421,,1421 DAZZY デイジー キャバクラ ドレス 総レース刺繍 シアー,1000,https://item.fril.jp/c903128b994a9734fec4d1c75888db7c
1422,,1422 Tika ティカ キャバクラ ドレス レース パール ストーン ミニ,2000,https://item.fril.jp/f469e8a81e6de7c96a6e88a23ec7c194
1423,,1423 dazzy store デイジーストア キャバクラ ドレス 総レース,2000,https://item.fril.jp/cab3780e6944cd46bb89629a18984478
1424,,1424 Andy アンディ キャバクラ ドレス 花柄 フリル タイト,4000,https://item.fril.jp/5a1d7bf5a75b9ff7a1d18ed4d1c23fad
1425,,1425 dazzy store デイジーストア キャバクラ ドレス リボン,3000,https://item.fril.jp/52b3f89c7f81750950e3e778392bcbcf
1426,,1426 ROBE de FLEURS ローブドフルール キャバクラ ドレス,3000,https://item.fril.jp/e6a975cf76854704be697ddcc9a30851
1428,,1428 JEWELS ジュエルズ キャバクラ ドレス レース フラワー 刺繍,5000,https://item.fril.jp/2d0240f4f806d9e2cd50fd438e6643e1
1432,,1432 ROBE de FLEURS Glossy,3000,https://item.fril.jp/5b7062733597e318635076473c3bb89f
1433,,1433 Andy アンディ キャバクラ ドレス 総柄 フレア キャバドレス S,4000,https://item.fril.jp/6099978ee1e3a5cdd255097fbd2f6f4b
1435,,1435 キャバクラ ドレス ワンピース ノースリーブ シンプル,1000,https://item.fril.jp/bc773ab4564ae2af4f72562796e1a173
1436,,1436 キャバクラ ドレス オフショル 伸縮性 フレア ミニ タイト,1000,https://item.fril.jp/716263a8d4f69237066edd1dc36c9f97
1437,,1437 キャバクラ ドレス シフォン ノースリーブ ウエストリボン シンプル,1500,https://item.fril.jp/f6407d91462aae8ffa9d545e6938f8dc
1438,,1438 DAZZY デイジー キャバクラ ドレス 総レース ゴールド金具,3000,https://item.fril.jp/39f5ec552ecdba294d1732884cc7b4b7
1439,,1439 DAZZY デイジー キャバクラ ドレス オフショル マーメイド,3000,https://item.fril.jp/a1f058f7cb8d5c4360ac49404b7c61eb
1443,,1443 ZARA ザラ ドット柄 シアー レーヨンシャツワンピース リボン,2500,https://item.fril.jp/e5d760127276a5fd8e6f4c3ad8edf38c
1445,,1445 ペイズリーノーカラー リネン シャツワンピース 貝殻チャーム サイズ1,1500,https://item.fril.jp/43aa3fbdc5c18a14c00ea076aa25e717
1446,,1446 キャバクラ ドレス 伸縮性 ミディ タイト シンプル キャバドレス M,3500,https://item.fril.jp/212d7eea260c487353c51aa0f14479d5
1447,,1447 ROBE de FLEURS Glossy ローブドフルール,8000,https://item.fril.jp/001c140649d67c9167b483fc8eafe9af
1449,,1449 キャバクラ ドレス 伸縮性 タイト ミディ ストレッチ オフショル,2500,https://item.fril.jp/6188f0e7888582dd9b55662d5b373bf4
1450,,1450 キャバクラ ドレス シャツワンピース 総柄 キャバドレス XL,3500,https://item.fril.jp/4712aa2151299e63152b0f0ad63df69b
1451,,1451 rinfarre リンファーレ キャバクラ ドレス ブロックチェック,1500,https://item.fril.jp/549db41ffd009c6a9d2d2d7b6a739361
1452,,1452 TRINITY トリニティ キャバクラ ドレス フラワー 総柄,3000,https://item.fril.jp/0d716d9c68a5bb7e6ce4f281071e2d9f
1453,,1453 キャバクラ ドレス ジャージ素材 フロントジップ ノースリーブ,1500,https://item.fril.jp/57b570535767a134306b2165fa835b84
1454,,1454 タグ付き ROBE de FLEURS Glossy,7000,https://item.fril.jp/f15c786ce3221b75485213860bbdab90
1455,,1455 Rinfarre リンファーレ キャバクラ ドレス ミディ 花柄,2000,https://item.fril.jp/7cd2414621759b23824ba523b3717ffc
1456,,1456 Emiria Wiz エミリアウィズ キャバクラ ドレス,5000,https://item.fril.jp/1e82934dd1b01d3cf15c874a9920bbe5
1457,,1457 GLAMOROUS by Andy グラマラスバイアンディ,5000,https://item.fril.jp/f9702504f25a6251e8c268b9a9630a37
1440,,1440 my love love マイラブラブ キャバクラ ロングドレス,25000,https://item.fril.jp/f70f31bcccefcf017f1358f4030e5bad
1458,,1458 キャバクラ ドレス ウエストカット フリル ミディ 無地 シンプル,3000,https://item.fril.jp/de79ad6129ef1795917c4ad6c064479d
1459,,1459 JEWELS ジュエルズ キャバクラ ドレス レース ミニ タイト,4000,https://item.fril.jp/af577ae705370d42189398d55dec8656
1460,,1460 GLAMOROUS by Andy グラマラスバイアンディ,8000,https://item.fril.jp/5d42574777eed9c9ec49edd9ff46aab8
1461,,1461 DEA by ROBE de FLEURS,6000,https://item.fril.jp/45336aeca01908b9c6f0b6f1156bfe98
1462,,1462 ROBE de FLEURS Glossy ローブドフルール,7000,https://item.fril.jp/3dea9ebc7ef43aedc853d5ab5daad86a
1463,,1463 ROBE de FLEURS Glossy ローブドフルール,4000,https://item.fril.jp/5944bc69e1eeb39452b00fe3c0e4d69b
1464,,1464 DEA by ROBE de FLEURS,9000,https://item.fril.jp/37c90ca55340f5a7afeadd4ddc77f933
1465,,1465 GLAMOROUS by Andy グラマラスバイアンディ,5000,https://item.fril.jp/7325663a9253c12bac58d04654a9300c
1466,,1466 JEWELS ジュエルズ キャバクラ ドレス ツイード フリル,3500,https://item.fril.jp/c761617a452a2580624e377f65fe8a81
1467,,1467 JEWELS ジュエルズ キャバクラ ドレス ツイード チェック,8000,https://item.fril.jp/9a658bfb2c267df6c689be982370ea65
1468,,1468 Sobre ソブレ キャバクラ ドレス バラ刺繍 タイト フリル,4000,https://item.fril.jp/c15458858659b9ae4c289bbfb62fbbe9
1470,,1470 JEWELS ジュエルズ キャバクラ ドレス レース シースルー,2500,https://item.fril.jp/e4ce53bee1200eca339b768765769182
1473,,1473 キャバクラ ドレス シンプル ミディ キャバドレス ノースリーブ,1500,https://item.fril.jp/a6b71093bd616322942df3c2b3b9a6e1
1476,,1476 suger シュガー キャバクラ ドレス ファー オフショル タイト,5000,https://item.fril.jp/8c9c38c6e7cf54681f0f0fe279085884
1477,,1477 JEWELS ジュエルズ キャバクラ ドレス ビジュー パール,3000,https://item.fril.jp/6fe1778557dceea5cb17c39817f334fc
1478,,1478 DAZZY デイジー キャバクラ ドレス タイト ワッフル ミニ,2500,https://item.fril.jp/04cb94a2631d0573d1f16c813f72f998
1479,,1479 JEWELS ジュエルズ キャバクラ ドレス キラキラ 伸縮性,4000,https://item.fril.jp/3d76bcd2222a13be58e6e8f85335595b
1482,,1482 VEAUTT キャバクラ ドレス ホルターネック ミディ,7000,https://item.fril.jp/922ec3a59897d5332b359c490b2fef70
1481,,1481 タグ付き RUI XUE キャバクラ ドレス タイト ミニ ストーン,6000,https://item.fril.jp/28780d393f7d7254131acb799ed567ad
1480,,1480 キャバクラ ドレス ストーン ホルターネック サテン ギャザー,1000,https://item.fril.jp/890d2c62284373d9032afd964c5773e5
1483,,1483 JEWELS ジュエルズ キャバクラ ドレス ワッフル,3000,https://item.fril.jp/a68f161a8818ab8c4f39ef0c377e4db1
1484,,1484 ROBE de FLEURS Glossy,6000,https://item.fril.jp/4ea979ef09828fbb851836267362351c
1485,,1485 キャバクラ ドレス ロングドレス サテン レース スリット キャミ,1000,https://item.fril.jp/dd36199063b023aa2a52b97bf5d092d7
1488,,1488  ROBE de  FLEURS Glossy ローブドフルール,5000,https://item.fril.jp/730f27217b052fb44be2266c1ab2ff65
1491,,1491 キャバクラ　ドレス　タイト　キャミドレス　スリット　シルバー,1000,https://item.fril.jp/2714500b4b55e7a7613ec792c84e07c0
1492,,1492 キャバクラ　ドレス　タイト Vネック　スリット　ミディアムドレス,1000,https://item.fril.jp/535567ac35d86782dd2dd2e11943a326
1493,,1493 BayBClub ベイビークラブ　キャバクラ　ドレス　ワッフル生地,3000,https://item.fril.jp/4e8571c2ba3d7b5ed242b3186bf86976
